CHROM	POS	REF	ALT	F1	F2A	F2B	TRANSMIT F2A	TRANSMIT F2B	PHASE READ	PHASE PEDIGREE F2A	PHASE PEDIGREE F2B	PHASE CONSENSUS	IN ORTHOLOGOUS	TYPE	CPG STATUS	IN REPEAT
1	18428395	C	T	H10	H21	.	1	.	.	P	.	P	1	CpH>TpH	0	1
1	38561878	T	G	H10	H21	.	1	.	.	M	.	M	0	T>G	0	0
1	44990582	T	C	H10	H21	.	1	.	M	M	.	M	0	T>C	0	0
1	58885012	C	T	H10	H21	.	1	.	.	M	.	M	1	CpH>TpH	0	1
1	61004115	A	C	H10	H21	.	0	.	.	.	.	.	0	T>G	0	1
1	85154806	A	G	H10	H21	.	1	.	P	P	.	P	1	T>C	0	0
1	191399011	C	A	H10	H21	.	0	.	P	.	.	P	1	C>A	0	0
2	1108884	G	A	H10	H21	.	0	.	.	.	.	.	0	CpH>TpH	0	0
2	39727104	T	A	H10	H21	.	1	.	.	P	.	P	1	T>A	0	0
2	52871743	C	A	H10	H21	.	1	.	P	P	.	P	1	C>A	0	1
2	54081216	A	G	H10	H21	.	0	.	.	.	.	.	1	T>C	0	0
2	78613581	A	T	H10	H21	.	0	.	.	.	.	.	1	T>A	0	0
2	117100516	C	T	H10	H21	.	0	.	.	.	.	.	1	CpH>TpH	0	0
2	151081059	C	G	H10	H21	.	1	.	.	P	.	P	1	C>G	0	0
2	175405801	C	T	H10	H21	.	1	.	.	P	.	P	1	CpG>TpG	1	1
2	223933523	T	G	H10	H21	.	0	.	.	.	.	.	0	T>G	0	1
2	238143981	C	T	H10	H21	.	1	.	.	M	.	M	0	CpH>TpH	0	1
2	239126526	C	T	H10	H21	.	0	.	.	.	.	.	1	CpH>TpH	0	1
3	129592404	T	A	H10	H21	.	1	.	.	M	.	M	1	T>A	0	1
3	172913614	C	G	H10	H21	.	0	.	P	.	.	P	1	C>G	0	1
3	177077764	G	C	H10	H21	.	0	.	.	.	.	.	0	C>G	0	0
3	196731744	A	G	H10	H21	.	0	.	.	.	.	.	1	T>C	0	1
4	73015835	A	C	H10	H21	.	1	.	.	P	.	P	1	T>G	0	0
4	83982201	T	A	H10	H21	.	0	.	.	.	.	.	1	T>A	0	1
4	148096472	G	C	H10	H21	.	1	.	.	P	.	P	1	C>G	0	0
4	157379415	T	A	H10	H21	.	1	.	.	P	.	P	0	T>A	0	1
5	2712321	G	A	H10	H21	.	1	.	.	P	.	P	0	CpG>TpG	1	0
5	25164516	T	A	H10	H21	.	1	.	.	P	.	P	0	T>A	0	1
5	41186270	C	T	H10	H21	.	0	.	M	.	.	M	0	CpH>TpH	0	0
5	49828466	C	T	H10	H21	.	0	.	P	.	.	P	0	CpH>TpH	0	1
5	52207331	A	G	H10	H21	.	0	.	.	.	.	.	0	T>C	0	1
5	66517096	T	C	H10	H21	.	1	.	M	M	.	M	1	T>C	0	1
5	90172204	C	T	H10	H21	.	0	.	.	.	.	.	1	CpH>TpH	0	0
5	90172209	A	T	H10	H21	.	0	.	.	.	.	.	1	T>A	0	0
5	105844196	C	A	H10	H21	.	0	.	.	.	.	.	1	C>A	0	0
5	105844197	T	A	H10	H21	.	0	.	.	.	.	.	1	T>A	0	0
5	105844199	T	A	H10	H21	.	0	.	.	.	.	.	1	T>A	0	0
5	128596920	A	C	H10	H21	.	1	.	.	P	.	P	0	T>G	0	1
6	5757620	A	C	H10	H21	.	0	.	.	.	.	.	1	T>G	0	0
6	46589596	T	G	H10	H21	.	1	.	.	P	.	P	1	T>G	0	1
6	74970405	A	G	H10	H21	.	1	.	.	P	.	P	1	T>C	0	0
6	88610128	C	T	H10	H21	.	1	.	.	P	.	P	0	CpH>TpH	0	1
7	18711284	T	C	H10	H21	.	1	.	.	P	.	P	1	T>C	0	1
7	69931090	A	C	H10	H21	.	0	.	.	.	.	.	1	T>G	0	0
7	90729733	G	A	H10	H21	.	0	.	.	.	.	.	1	CpH>TpH	0	0
7	107527432	C	A	H10	H21	.	1	.	.	M	.	M	0	C>A	0	1
7	120440315	A	G	H10	H21	.	1	.	.	P	.	P	1	T>C	0	0
7	147386636	T	G	H10	H21	.	0	.	.	.	.	.	1	T>G	0	0
8	1047548	T	G	H10	H21	.	1	.	.	P	.	P	0	T>G	0	0
8	2096445	G	C	H10	H21	.	0	.	M	.	.	M	1	C>G	0	0
8	43270401	A	C	H10	H21	.	1	.	.	M	.	M	0	T>G	0	1
8	73190840	T	C	H10	H21	.	0	.	P	.	.	P	0	T>C	0	1
8	97415144	C	G	H10	H21	.	1	.	M	M	.	M	0	C>G	0	1
8	124788406	G	A	H10	H21	.	0	.	.	.	.	.	1	CpH>TpH	0	0
8	133456961	C	T	H10	H21	.	0	.	M	.	.	M	1	CpG>TpG	1	0
9	29755570	G	T	H10	H21	.	1	.	.	P	.	P	1	C>A	0	1
9	29945037	A	C	H10	H21	.	1	.	P	P	.	P	1	T>G	0	1
9	136282512	G	T	H10	H21	.	0	.	.	.	.	.	0	C>A	0	0
9	136282515	T	A	H10	H21	.	0	.	.	.	.	.	0	T>A	0	0
10	22248350	C	T	H10	H21	.	0	.	.	.	.	.	1	CpH>TpH	0	1
10	44900009	A	T	H10	H21	.	0	.	.	.	.	.	0	T>A	0	1
10	75700263	G	A	H10	H21	.	0	.	P	.	.	P	0	CpG>TpG	1	1
10	77886815	T	C	H10	H21	.	0	.	.	.	.	.	1	T>C	0	0
10	84019849	C	G	H10	H21	.	0	.	.	.	.	.	1	C>G	0	0
10	96022623	T	G	H10	H21	.	0	.	P	.	.	P	0	T>G	0	1
10	125140715	A	T	H10	H21	.	0	.	.	.	.	.	1	T>A	0	0
11	30950795	G	A	H10	H21	.	1	.	.	M	.	M	1	CpH>TpH	0	0
11	100708419	T	A	H10	H21	.	0	.	.	.	.	.	0	T>A	0	1
11	129885939	G	A	H10	H21	.	0	.	.	.	.	.	0	CpG>TpG	1	1
12	1926631	C	T	H10	H21	.	0	.	.	.	.	.	0	CpH>TpH	0	1
12	34854932	T	G	H10	H21	.	0	.	P	.	.	P	0	T>G	0	1
12	58760455	G	A	H10	H21	.	1	.	.	M	.	M	1	CpH>TpH	0	0
12	75637034	C	T	H10	H21	.	1	.	.	P	.	P	1	CpG>TpG	1	1
12	79937017	T	C	H10	H21	.	1	.	P	P	.	P	0	T>C	0	1
13	44154540	C	T	H10	H21	.	1	.	.	M	.	M	1	CpH>TpH	0	0
13	53188947	A	T	H10	H21	.	0	.	.	.	.	.	0	T>A	0	1
13	68260717	T	C	H10	H21	.	0	.	.	.	.	.	1	T>C	0	0
13	82826111	C	T	H10	H21	.	1	.	.	P	.	P	1	CpH>TpH	0	0
13	98010988	C	T	H10	H21	.	1	.	.	P	.	P	1	CpG>TpG	1	0
14	31574559	G	A	H10	H21	.	1	.	.	P	.	P	1	CpH>TpH	0	0
14	40164569	G	A	H10	H21	.	1	.	.	P	.	P	0	CpH>TpH	0	1
14	64559680	T	C	H10	H21	.	0	.	P	.	.	P	1	T>C	0	0
15	25416290	G	A	H10	H21	.	0	.	.	.	.	.	0	CpG>TpG	1	0
15	28312040	A	G	H10	H21	.	0	.	.	.	.	.	1	T>C	0	1
15	38586507	C	A	H10	H21	.	0	.	P	.	.	P	1	C>A	0	0
15	40365527	G	C	H10	H21	.	1	.	.	M	.	M	1	C>G	0	0
15	66017586	A	C	H10	H21	.	0	.	.	.	.	.	1	T>G	0	0
15	86539050	G	A	H10	H21	.	0	.	P	.	.	P	1	CpG>TpG	1	1
15	101143631	A	C	H10	H21	.	1	.	M	M	.	M	0	T>G	0	0
16	29291863	G	C	H10	H21	.	0	.	.	.	.	.	1	C>G	1	1
17	29654736	C	T	H10	H21	.	0	.	.	.	.	.	1	CpG>TpG	1	0
17	43970415	T	A	H10	H21	.	0	.	M	.	.	M	1	T>A	0	1
17	62022759	G	A	H10	H21	.	1	.	P	P	.	P	0	CpG>TpG	1	0
18	49686778	T	C	H10	H21	.	1	.	M	M	.	M	1	T>C	0	0
19	4533452	G	C	H10	H21	.	0	.	P	.	.	P	0	C>G	1	0
19	18003517	A	G	H10	H21	.	0	.	.	.	.	.	0	T>C	0	1
19	24308143	A	G	H10	H21	.	1	.	.	P	.	P	0	T>C	0	0
20	34456730	C	T	H10	H21	.	0	.	P	.	.	P	0	CpG>TpG	1	0
20	39205749	T	C	H10	H21	.	1	.	.	P	.	P	1	T>C	0	0
21	17792665	T	C	H10	H21	.	1	.	.	P	.	P	1	T>C	0	1
21	45074274	C	T	H10	H21	.	0	.	.	.	.	.	1	CpH>TpH	0	1
21	45207166	C	T	H10	H21	.	0	.	P	.	.	P	0	CpH>TpH	0	0
21	45207173	T	C	H10	H21	.	0	.	P	.	.	P	1	T>C	0	0
22	17428935	G	T	H10	H21	.	1	.	P	P	.	P	0	C>A	0	1
22	27691176	G	A	H10	H21	.	0	.	.	.	.	.	1	CpG>TpG	1	0
1	51200421	G	A	H13	H24	.	0	.	.	.	.	.	0	CpH>TpH	0	1
1	96934643	A	T	H13	H24	.	0	.	.	.	.	.	1	T>A	0	0
1	109025302	T	C	H13	H24	.	1	.	.	P	.	P	0	T>C	0	1
1	152105981	C	A	H13	H24	.	0	.	.	.	.	.	0	C>A	0	1
1	183405611	A	T	H13	H24	.	0	.	.	.	.	.	0	T>A	0	1
1	213747901	G	A	H13	H24	.	1	.	.	M	.	M	1	CpH>TpH	0	0
2	9688631	C	A	H13	H24	.	0	.	.	.	.	.	0	C>A	0	0
2	11353717	A	T	H13	H24	.	0	.	.	.	.	.	0	T>A	0	0
2	46826202	C	G	H13	H24	.	1	.	P	P	.	P	1	C>G	0	1
2	120235009	C	T	H13	H24	.	0	.	P	.	.	P	0	CpG>TpG	1	1
2	163141757	T	C	H13	H24	.	1	.	.	P	.	P	1	T>C	0	1
2	228618294	C	T	H13	H24	.	0	.	M	.	.	M	0	CpH>TpH	0	1
3	23760943	C	T	H13	H24	.	0	.	P	.	.	P	1	CpH>TpH	0	1
3	96441730	T	C	H13	H24	.	1	.	.	P	.	P	1	T>C	0	1
3	101299184	A	C	H13	H24	.	1	.	.	P	.	P	1	T>G	0	1
3	183512979	G	A	H13	H24	.	0	.	.	.	.	.	0	CpH>TpH	0	1
4	1141228	C	T	H13	H24	.	0	.	M	.	.	M	0	CpG>TpG	1	0
4	10256681	G	A	H13	H24	.	0	.	.	.	.	.	1	CpH>TpH	0	0
4	27233850	T	A	H13	H24	.	0	.	P	.	.	P	0	T>A	0	1
4	54850955	T	C	H13	H24	.	1	.	.	M	.	M	0	T>C	0	1
4	70322184	T	C	H13	H24	.	0	.	P	.	.	P	0	T>C	0	0
4	81025708	G	A	H13	H24	.	0	.	.	.	.	.	1	CpH>TpH	0	1
4	96286472	T	A	H13	H24	.	0	.	.	.	.	.	1	T>A	0	1
4	119700134	C	T	H13	H24	.	0	.	M	.	.	M	0	CpH>TpH	0	1
4	149966766	T	C	H13	H24	.	0	.	.	.	.	.	0	T>C	0	1
4	149966767	G	A	H13	H24	.	0	.	.	.	.	.	0	CpH>TpH	0	1
4	156041264	C	T	H13	H24	.	0	.	P	.	.	P	1	CpH>TpH	0	1
4	190861160	G	A	H13	H24	.	0	.	.	.	.	.	0	CpH>TpH	0	1
4	190861162	G	A	H13	H24	.	0	.	.	.	.	.	0	CpH>TpH	0	1
5	33488119	G	A	H13	H24	.	1	.	.	P	.	P	1	CpH>TpH	0	0
5	36277524	C	A	H13	H24	.	1	.	P	P	.	P	0	C>A	0	1
5	55666417	A	T	H13	H24	.	0	.	.	.	.	.	1	T>A	0	1
5	58188472	A	G	H13	H24	.	1	.	.	P	.	P	1	T>C	0	0
5	62193652	C	G	H13	H24	.	1	.	.	P	.	P	1	C>G	0	0
5	127628167	C	T	H13	H24	.	1	.	.	P	.	P	1	CpH>TpH	0	1
6	20129449	G	A	H13	H24	.	0	.	.	.	.	.	1	CpH>TpH	0	0
6	32450254	T	C	H13	H24	.	0	.	P	.	.	P	0	T>C	0	1
6	34964366	C	T	H13	H24	.	1	.	.	M	.	M	1	CpH>TpH	0	1
6	75005058	A	C	H13	H24	.	0	.	.	.	.	.	1	T>G	0	1
6	119726539	A	T	H13	H24	.	0	.	.	.	.	.	0	T>A	0	1
6	131566593	A	T	H13	H24	.	0	.	M	.	.	M	1	T>A	0	1
6	136604345	T	A	H13	H24	.	0	.	.	.	.	.	0	T>A	0	0
6	157346100	T	C	H13	H24	.	0	.	.	.	.	.	1	T>C	0	0
7	1772827	G	A	H13	H24	.	0	.	.	.	.	.	1	CpG>TpG	1	1
7	114366706	G	T	H13	H24	.	0	.	.	.	.	.	0	C>A	0	0
7	114366707	G	T	H13	H24	.	0	.	.	.	.	.	0	C>A	0	0
8	19066127	A	G	H13	H24	.	0	.	.	.	.	.	0	T>C	0	1
8	27038518	C	T	H13	H24	.	1	.	.	.	.	.	1	CpH>TpH	0	0
8	36109680	T	C	H13	H24	.	1	.	.	P	.	P	1	T>C	0	0
8	42791408	C	T	H13	H24	.	0	.	.	.	.	.	0	CpH>TpH	0	1
8	42791424	G	A	H13	H24	.	0	.	.	.	.	.	0	CpH>TpH	0	1
8	42791457	A	T	H13	H24	.	0	.	.	.	.	.	0	T>A	0	1
8	42791460	C	T	H13	H24	.	0	.	.	.	.	.	0	CpH>TpH	0	1
8	48983926	A	G	H13	H24	.	0	.	.	.	.	.	0	T>C	0	0
8	74052467	T	G	H13	H24	.	1	.	P	P	.	P	1	T>G	0	1
8	87817048	G	T	H13	H24	.	0	.	M	.	.	M	0	C>A	0	1
8	103973099	G	T	H13	H24	.	0	.	M	.	.	M	0	C>A	0	1
8	106964897	A	C	H13	H24	.	1	.	.	.	.	.	1	T>G	0	0
8	109102812	T	C	H13	H24	.	1	.	.	P	.	P	1	T>C	0	0
8	120494222	C	A	H13	H24	.	0	.	.	.	.	.	0	C>A	0	1
8	142939941	T	C	H13	H24	.	1	.	P	P	.	P	0	T>C	0	1
8	143909448	T	C	H13	H24	.	1	.	P	P	.	P	0	T>C	0	1
9	15794477	A	C	H13	H24	.	0	.	P	.	.	P	1	T>G	0	1
9	17347692	G	A	H13	H24	.	0	.	.	.	.	.	0	CpH>TpH	0	1
9	88672427	C	T	H13	H24	.	0	.	.	.	.	.	0	CpH>TpH	0	0
9	114102680	A	G	H13	H24	.	0	.	.	.	.	.	0	T>C	0	1
9	118022255	G	A	H13	H24	.	0	.	.	.	.	.	0	CpH>TpH	0	1
10	28515399	C	T	H13	H24	.	1	.	.	P	.	P	1	CpH>TpH	0	1
10	38198061	C	T	H13	H24	.	1	.	.	P	.	P	0	CpH>TpH	0	1
10	63056557	A	G	H13	H24	.	1	.	.	P	.	P	0	T>C	0	0
11	61443682	A	T	H13	H24	.	0	.	.	.	.	.	0	T>A	0	0
11	64864931	C	G	H13	H24	.	1	.	P	P	.	P	0	C>G	0	1
11	89404126	G	C	H13	H24	.	0	.	P	.	.	P	0	C>G	0	0
11	96121693	A	C	H13	H24	.	0	.	.	.	.	.	1	T>G	0	0
12	14419223	C	T	H13	H24	.	0	.	.	.	.	.	0	CpG>TpG	1	1
12	69269604	G	A	H13	H24	.	0	.	M	.	.	M	0	CpH>TpH	0	1
12	86052531	G	A	H13	H24	.	1	.	.	P	.	P	1	CpH>TpH	0	1
13	21411978	G	A	H13	H24	.	0	.	.	.	.	.	0	CpG>TpG	1	1
13	24144713	A	T	H13	H24	.	1	.	P	P	.	P	1	T>A	0	0
13	26184603	T	C	H13	H24	.	1	.	.	P	.	P	0	T>C	0	1
13	42160022	G	A	H13	H24	.	0	.	.	.	.	.	0	CpH>TpH	0	1
13	73383701	G	A	H13	H24	.	0	.	.	.	.	.	1	CpH>TpH	0	0
13	108920684	A	G	H13	H24	.	1	.	.	P	.	P	0	T>C	0	1
14	38712345	T	C	H13	H24	.	1	.	.	P	.	P	1	T>C	0	0
14	56752029	T	C	H13	H24	.	0	.	.	.	.	.	0	T>C	0	1
14	56801052	G	A	H13	H24	.	1	.	.	P	.	P	1	CpG>TpG	1	0
14	81625640	G	A	H13	H24	.	0	.	.	.	.	.	0	CpH>TpH	0	1
14	81625645	G	A	H13	H24	.	0	.	.	.	.	.	1	CpH>TpH	0	1
14	107183250	A	G	H13	H24	.	0	.	M	.	.	M	0	T>C	0	0
14	107183255	C	G	H13	H24	.	0	.	M	.	.	M	0	C>G	0	0
15	24931124	G	T	H13	H24	.	1	.	P	P	.	P	0	C>A	1	1
15	63309327	G	A	H13	H24	.	1	.	.	P	.	P	1	CpH>TpH	0	1
16	4143867	T	C	H13	H24	.	0	.	.	.	.	.	1	T>C	0	0
16	16703783	G	C	H13	H24	.	0	.	.	.	.	.	0	C>G	0	0
16	52600111	A	G	H13	H24	.	1	.	.	P	.	P	1	T>C	0	1
16	80444055	A	G	H13	H24	.	0	.	.	.	.	.	1	T>C	0	1
17	3224091	G	T	H13	H24	.	0	.	P	.	.	P	0	C>A	0	1
17	9654433	C	T	H13	H24	.	0	.	.	.	.	.	1	CpH>TpH	0	0
17	45225588	G	A	H13	H24	.	0	.	.	.	.	.	1	CpH>TpH	0	1
17	60441347	C	T	H13	H24	.	0	.	.	.	.	.	1	CpH>TpH	0	1
17	60441348	A	G	H13	H24	.	0	.	.	.	.	.	1	T>C	0	1
18	5161481	G	A	H13	H24	.	0	.	P	.	.	P	1	CpH>TpH	0	1
18	7086482	C	T	H13	H24	.	1	.	.	M	.	M	1	CpH>TpH	0	0
18	43034656	G	A	H13	H24	.	1	.	M	M	.	M	1	CpG>TpG	1	1
18	52351981	T	A	H13	H24	.	0	.	.	.	.	.	1	T>A	0	0
18	69058118	A	C	H13	H24	.	1	.	.	P	.	P	1	T>G	0	0
19	7153457	C	T	H13	H24	.	0	.	.	.	.	.	0	CpH>TpH	0	1
19	20937112	T	C	H13	H24	.	0	.	P	.	.	P	0	T>C	0	1
19	31562283	C	G	H13	H24	.	1	.	.	P	.	P	1	C>G	0	0
20	58271311	C	T	H13	H24	.	0	.	.	.	.	.	1	CpH>TpH	0	0
21	27465778	C	A	H13	H24	.	1	.	.	P	.	P	1	C>A	0	0
21	34300555	C	T	H13	H24	.	0	.	.	.	.	.	0	CpH>TpH	0	1
21	34300563	C	T	H13	H24	.	0	.	.	.	.	.	0	CpH>TpH	0	1
21	34300567	C	T	H13	H24	.	0	.	.	.	.	.	0	CpH>TpH	0	1
21	47489034	G	T	H13	H24	.	0	.	.	.	.	.	0	C>A	0	1
22	41761911	G	A	H13	H24	.	0	.	.	.	.	.	0	CpH>TpH	0	0
1	10852758	A	C	H14	H25	.	0	.	.	.	.	.	0	T>G	0	0
1	16849855	G	C	H14	H25	.	0	.	.	.	.	.	0	C>G	0	0
1	48060421	C	T	H14	H25	.	0	.	P	.	.	P	1	CpG>TpG	1	0
1	75880175	G	C	H14	H25	.	0	.	.	.	.	.	1	C>G	0	1
1	94992443	C	T	H14	H25	.	0	.	.	.	.	.	1	CpH>TpH	0	0
1	166964694	T	C	H14	H25	.	0	.	.	.	.	.	0	T>C	0	1
1	224434148	T	G	H14	H25	.	0	.	.	.	.	.	0	T>G	0	0
2	45699610	T	G	H14	H25	.	1	.	.	P	.	P	1	T>G	0	1
2	104712928	G	A	H14	H25	.	1	.	.	P	.	P	1	CpG>TpG	1	1
2	176654740	G	C	H14	H25	.	1	.	P	P	.	P	0	C>G	0	1
2	226812599	C	T	H14	H25	.	1	.	P	P	.	P	1	CpG>TpG	1	1
2	228337487	C	G	H14	H25	.	1	.	.	P	.	P	1	C>G	1	0
2	228737407	A	C	H14	H25	.	0	.	P	.	.	P	0	T>G	0	1
3	25572967	C	T	H14	H25	.	0	.	P	.	.	P	1	CpG>TpG	1	1
3	134117857	T	C	H14	H25	.	0	.	.	.	.	.	0	T>C	0	1
3	152640146	G	C	H14	H25	.	0	.	.	.	.	.	1	C>G	0	1
4	17452691	G	C	H14	H25	.	0	.	P	.	.	P	1	C>G	1	1
4	53661776	G	A	H14	H25	.	0	.	M	.	.	M	0	CpH>TpH	0	1
4	53661780	G	A	H14	H25	.	0	.	M	.	.	M	0	CpH>TpH	0	1
4	71154946	A	G	H14	H25	.	1	.	.	P	.	P	0	T>C	0	0
4	84369482	T	C	H14	H25	.	1	.	.	P	.	P	1	T>C	0	0
4	136159697	C	T	H14	H25	.	1	.	.	P	.	P	0	CpH>TpH	0	0
4	151875999	G	A	H14	H25	.	0	.	.	.	.	.	0	CpH>TpH	0	1
4	151876000	G	A	H14	H25	.	0	.	.	.	.	.	0	CpH>TpH	0	1
4	158760780	A	T	H14	H25	.	1	.	P	P	.	P	1	T>A	0	1
4	176882821	G	A	H14	H25	.	1	.	P	P	.	P	0	CpH>TpH	0	1
5	96551215	C	G	H14	H25	.	0	.	.	.	.	.	1	C>G	0	1
5	141704915	C	T	H14	H25	.	0	.	P	.	.	P	0	CpH>TpH	0	0
5	153894857	G	C	H14	H25	.	1	.	.	P	.	P	1	C>G	0	1
5	179617215	C	T	H14	H25	.	1	.	.	P	.	P	0	CpG>TpG	1	1
6	45523601	C	T	H14	H25	.	1	.	.	P	.	P	1	CpH>TpH	0	0
6	45523602	A	G	H14	H25	.	1	.	.	P	.	P	1	T>C	0	0
6	115096707	G	A	H14	H25	.	1	.	P	P	.	P	1	CpG>TpG	1	0
7	168501	G	A	H14	H25	.	0	.	.	.	.	.	0	CpG>TpG	1	0
7	168511	T	A	H14	H25	.	0	.	.	.	.	.	0	T>A	0	0
7	168514	A	G	H14	H25	.	0	.	.	.	.	.	0	T>C	0	0
7	13170844	A	G	H14	H25	.	1	.	M	M	.	M	1	T>C	0	1
7	45730260	C	T	H14	H25	.	0	.	P	.	.	P	0	CpH>TpH	0	0
7	48399794	A	C	H14	H25	.	0	.	.	.	.	.	0	T>G	0	1
7	48533982	T	A	H14	H25	.	1	.	.	P	.	P	0	T>A	0	0
7	54733085	C	T	H14	H25	.	1	.	.	P	.	P	0	CpH>TpH	0	1
7	136498849	G	C	H14	H25	.	1	.	.	P	.	P	0	C>G	0	1
8	82613834	A	C	H14	H25	.	0	.	.	.	.	.	0	T>G	0	0
8	87817048	G	T	H14	H25	.	0	.	M	.	.	M	0	C>A	0	1
8	97533628	C	G	H14	H25	.	1	.	P	P	.	P	1	C>G	0	0
9	1951211	A	C	H14	H25	.	1	.	.	P	.	P	1	T>G	0	1
9	9291684	G	A	H14	H25	.	0	.	.	.	.	.	0	CpH>TpH	0	0
9	93536385	T	A	H14	H25	.	0	.	.	.	.	.	1	T>A	0	1
10	71472564	G	A	H14	H25	.	1	.	P	P	.	P	1	CpH>TpH	0	1
10	102924365	C	T	H14	H25	.	0	.	P	.	.	P	1	CpH>TpH	0	1
10	123110885	C	T	H14	H25	.	0	.	P	.	.	P	1	CpH>TpH	0	0
11	40966924	A	G	H14	H25	.	1	.	P	P	.	P	1	T>C	0	0
11	55200591	C	T	H14	H25	.	1	.	P	P	.	P	0	CpG>TpG	1	1
11	118700757	A	T	H14	H25	.	0	.	.	.	.	.	0	T>A	0	1
12	2940123	A	C	H14	H25	.	0	.	.	.	.	.	0	T>G	0	0
12	20972277	C	T	H14	H25	.	1	.	P	P	.	P	0	CpG>TpG	1	1
12	27831603	C	T	H14	H25	.	0	.	.	.	.	.	0	CpH>TpH	0	1
12	31971985	A	C	H14	H25	.	1	.	.	P	.	P	0	T>G	0	0
12	32388625	C	T	H14	H25	.	1	.	P	P	.	P	0	CpH>TpH	0	1
12	50093039	G	C	H14	H25	.	1	.	.	P	.	P	1	C>G	0	0
12	83948988	G	A	H14	H25	.	1	.	.	P	.	P	0	CpG>TpG	1	1
12	108617233	G	A	H14	H25	.	1	.	P	P	.	P	1	CpH>TpH	0	1
13	60396792	G	A	H14	H25	.	0	.	.	.	.	.	0	CpH>TpH	0	1
13	76060719	C	A	H14	H25	.	1	.	.	P	.	P	1	C>A	0	0
14	31244834	C	G	H14	H25	.	1	.	P	P	.	P	1	C>G	0	1
14	31244972	C	T	H14	H25	.	1	.	P	P	.	P	1	CpH>TpH	0	1
15	24491746	A	C	H14	H25	.	0	.	P	.	.	P	0	T>G	0	0
15	33087793	T	G	H14	H25	.	1	.	P	P	.	P	1	T>G	0	1
15	35086947	G	A	H14	H25	.	0	.	.	.	.	.	1	CpG>TpG	1	0
15	35086953	C	G	H14	H25	.	0	.	.	.	.	.	1	C>G	0	0
15	35086958	G	A	H14	H25	.	0	.	.	.	.	.	1	CpH>TpH	0	0
15	35086959	C	G	H14	H25	.	0	.	.	.	.	.	1	C>G	0	0
15	35086968	G	A	H14	H25	.	0	.	.	.	.	.	1	CpG>TpG	1	0
15	35086980	C	A	H14	H25	.	0	.	.	.	.	.	1	C>A	0	0
15	35086989	G	A	H14	H25	.	0	.	.	.	.	.	1	CpH>TpH	0	0
15	64647703	T	C	H14	H25	.	0	.	.	.	.	.	0	T>C	0	0
15	70877578	G	A	H14	H25	.	0	.	.	.	.	.	1	CpH>TpH	0	0
15	84755470	A	C	H14	H25	.	0	.	P	.	.	P	0	T>G	0	1
16	867850	C	T	H14	H25	.	0	.	.	.	.	.	1	CpG>TpG	1	0
16	3418328	T	C	H14	H25	.	0	.	.	.	.	.	0	T>C	0	0
16	3418331	A	T	H14	H25	.	0	.	.	.	.	.	0	T>A	0	0
16	3418340	G	T	H14	H25	.	0	.	.	.	.	.	0	C>A	0	0
16	3418355	T	G	H14	H25	.	0	.	.	.	.	.	0	T>G	0	0
16	30557418	G	C	H14	H25	.	0	.	.	.	.	.	0	C>G	0	1
16	61681852	A	G	H14	H25	.	0	.	.	.	.	.	0	T>C	0	0
16	75227560	C	T	H14	H25	.	0	.	P	.	.	P	1	CpH>TpH	0	0
17	19987305	A	G	H14	H25	.	0	.	.	.	.	.	1	T>C	0	1
17	47793226	C	T	H14	H25	.	0	.	P	.	.	P	1	CpG>TpG	1	0
17	56257720	T	C	H14	H25	.	1	.	P	P	.	P	1	T>C	0	1
18	33438224	C	A	H14	H25	.	1	.	P	P	.	P	1	C>A	0	1
18	33438225	C	T	H14	H25	.	1	.	P	P	.	P	1	CpH>TpH	0	1
18	39138964	G	A	H14	H25	.	0	.	.	.	.	.	1	CpH>TpH	0	0
18	69074581	A	G	H14	H25	.	1	.	.	P	.	P	1	T>C	0	1
20	23542903	T	C	H14	H25	.	1	.	P	P	.	P	0	T>C	0	1
20	47406708	C	T	H14	H25	.	1	.	.	P	.	P	1	CpH>TpH	0	1
20	51633217	C	G	H14	H25	.	1	.	P	P	.	P	1	C>G	0	0
20	59527467	G	C	H14	H25	.	1	.	.	P	.	P	1	C>G	0	0
21	44477878	G	C	H14	H25	.	0	.	.	.	.	.	0	C>G	0	0
21	44477884	C	T	H14	H25	.	0	.	.	.	.	.	0	CpG>TpG	1	0
21	47042228	A	G	H14	H25	.	0	.	.	.	.	.	1	T>C	0	1
22	17864334	T	G	H14	H25	.	1	.	.	P	.	P	0	T>G	0	1
22	44869538	G	C	H14	H25	.	1	.	P	P	.	P	1	C>G	0	1
22	49277088	G	A	H14	H25	.	0	.	M	.	.	M	0	CpG>TpG	1	1
1	26077851	T	C	H15	H26	.	0	.	.	.	.	.	1	T>C	0	1
1	70691346	C	G	H15	H26	.	0	.	.	.	.	.	1	C>G	0	0
1	91972085	T	C	H15	H26	.	0	.	.	.	.	.	1	T>C	0	0
1	104500472	A	G	H15	H26	.	0	.	P	.	.	P	0	T>C	0	0
1	109508811	A	C	H15	H26	.	0	.	P	.	.	P	0	T>G	0	1
1	109508817	A	C	H15	H26	.	0	.	P	.	.	P	1	T>G	0	1
1	156260691	T	G	H15	H26	.	0	.	.	.	.	.	0	T>G	0	0
1	156260697	T	G	H15	H26	.	0	.	.	.	.	.	0	T>G	0	0
1	199956657	G	A	H15	H26	.	1	.	P	P	.	P	1	CpG>TpG	1	1
1	213477575	T	A	H15	H26	.	0	.	.	.	.	.	0	T>A	0	0
1	218702787	T	C	H15	H26	.	1	.	P	P	.	P	0	T>C	0	0
1	221700271	C	A	H15	H26	.	0	.	P	.	.	P	0	C>A	1	1
1	228645201	A	G	H15	H26	.	0	.	.	.	.	.	1	T>C	0	0
1	245283222	G	A	H15	H26	.	1	.	.	P	.	P	0	CpG>TpG	1	1
1	246771332	G	A	H15	H26	.	1	.	.	P	.	P	1	CpG>TpG	1	1
2	28686869	G	A	H15	H26	.	0	.	M	.	.	M	1	CpH>TpH	0	1
2	29423661	A	T	H15	H26	.	0	.	M	.	.	M	0	T>A	0	1
2	38709505	A	G	H15	H26	.	0	.	M	.	.	M	0	T>C	0	0
2	38709511	G	A	H15	H26	.	0	.	M	.	.	M	0	CpG>TpG	1	0
2	86850530	G	A	H15	H26	.	1	.	.	P	.	P	1	CpH>TpH	0	1
2	143132926	A	T	H15	H26	.	0	.	P	.	.	P	1	T>A	0	1
2	144905599	G	A	H15	H26	.	1	.	.	M	.	M	1	CpH>TpH	0	1
2	168769506	G	A	H15	H26	.	0	.	.	.	.	.	1	CpH>TpH	0	0
2	223215021	A	C	H15	H26	.	0	.	.	.	.	.	1	T>G	0	0
3	23052734	T	G	H15	H26	.	0	.	.	.	.	.	1	T>G	0	0
3	76724819	G	A	H15	H26	.	1	.	M	M	.	M	0	CpH>TpH	0	0
3	77243447	T	C	H15	H26	.	0	.	.	.	.	.	1	T>C	0	0
3	104164394	A	C	H15	H26	.	0	.	.	.	.	.	0	T>G	0	1
3	146458960	T	C	H15	H26	.	1	.	.	.	.	.	1	T>C	0	1
4	1159157	T	C	H15	H26	.	0	.	.	.	.	.	0	T>C	0	0
4	1159158	G	A	H15	H26	.	0	.	.	.	.	.	0	CpH>TpH	0	0
4	11076289	G	A	H15	H26	.	1	.	.	P	.	P	1	CpG>TpG	1	1
4	81409187	T	C	H15	H26	.	1	.	.	P	.	P	1	T>C	0	0
4	83712819	T	C	H15	H26	.	1	.	.	P	.	P	1	T>C	0	0
4	114608844	C	A	H15	H26	.	0	.	.	.	.	.	1	C>A	0	0
4	126047706	T	C	H15	H26	.	0	.	.	.	.	.	0	T>C	0	1
4	129488787	G	C	H15	H26	.	0	.	.	.	.	.	1	C>G	0	0
4	150627810	G	A	H15	H26	.	1	.	.	M	.	M	1	CpH>TpH	0	0
4	165151263	T	A	H15	H26	.	0	.	P	.	.	P	1	T>A	0	0
4	181148916	C	T	H15	H26	.	0	.	.	.	.	.	1	CpH>TpH	0	0
5	27557199	T	C	H15	H26	.	0	.	P	.	.	P	0	T>C	0	1
5	33610228	G	A	H15	H26	.	1	.	.	.	.	.	1	CpH>TpH	0	1
5	58585317	C	T	H15	H26	.	0	.	.	.	.	.	0	CpH>TpH	0	1
5	84144810	C	T	H15	H26	.	0	.	.	.	.	.	0	CpG>TpG	1	1
5	170771429	G	A	H15	H26	.	0	.	.	.	.	.	0	CpH>TpH	0	1
6	21246292	A	G	H15	H26	.	1	.	P	P	.	P	0	T>C	0	0
6	21352013	C	A	H15	H26	.	0	.	P	.	.	P	1	C>A	0	0
6	27107384	T	C	H15	H26	.	0	.	.	.	.	.	0	T>C	0	0
6	27107387	C	A	H15	H26	.	0	.	.	.	.	.	0	C>A	0	0
6	28982487	G	T	H15	H26	.	1	.	.	P	.	P	1	C>A	0	0
6	112138244	C	A	H15	H26	.	0	.	.	.	.	.	0	C>A	0	0
6	121545800	A	G	H15	H26	.	0	.	.	.	.	.	0	T>C	0	0
6	124194333	A	C	H15	H26	.	0	.	P	.	.	P	1	T>G	0	1
6	155430161	A	G	H15	H26	.	1	.	M	M	.	M	0	T>C	0	1
6	168075911	T	C	H15	H26	.	0	.	.	.	.	.	0	T>C	0	1
7	5568135	G	C	H15	H26	.	0	.	.	.	.	.	0	C>G	0	0
7	45382434	G	T	H15	H26	.	0	.	.	.	.	.	1	C>A	0	1
7	90251013	T	G	H15	H26	.	0	.	P	.	.	P	1	T>G	0	1
7	95175962	C	A	H15	H26	.	1	.	.	P	.	P	1	C>A	0	1
7	117504546	G	C	H15	H26	.	1	.	.	P	.	P	1	C>G	0	0
7	136209358	A	C	H15	H26	.	1	.	.	P	.	P	1	T>G	0	0
7	142375278	C	T	H15	H26	.	0	.	.	.	.	.	0	CpH>TpH	0	0
7	142375296	A	T	H15	H26	.	0	.	.	.	.	.	0	T>A	0	0
7	146838413	T	C	H15	H26	.	0	.	P	.	.	P	1	T>C	0	0
8	1270287	A	T	H15	H26	.	0	.	.	.	.	.	1	T>A	0	0
8	3528270	T	G	H15	H26	.	0	.	.	.	.	.	0	T>G	0	1
8	16212784	C	T	H15	H26	.	0	.	P	.	.	P	1	CpH>TpH	0	1
8	19147979	C	A	H15	H26	.	1	.	.	M	.	M	1	C>A	0	0
8	19148647	G	C	H15	H26	.	1	.	.	M	.	M	0	C>G	0	0
8	22779986	T	C	H15	H26	.	0	.	.	.	.	.	0	T>C	0	1
8	42234057	G	A	H15	H26	.	0	.	.	.	.	.	1	CpH>TpH	0	1
8	54756091	G	A	H15	H26	.	0	.	.	.	.	.	0	CpH>TpH	0	0
8	95478781	G	A	H15	H26	.	1	.	.	M	.	M	1	CpG>TpG	1	1
8	104129146	T	C	H15	H26	.	1	.	P	P	.	P	1	T>C	0	0
8	117795493	A	C	H15	H26	.	0	.	.	.	.	.	1	T>G	0	0
9	1095522	A	T	H15	H26	.	1	.	.	P	.	P	1	T>A	0	0
9	2780233	G	C	H15	H26	.	1	.	.	P	.	P	1	C>G	0	0
9	5096719	A	C	H15	H26	.	0	.	.	.	.	.	1	T>G	0	0
9	5096722	C	T	H15	H26	.	0	.	.	.	.	.	1	CpH>TpH	0	0
9	5096725	G	A	H15	H26	.	0	.	.	.	.	.	1	CpH>TpH	0	0
9	5096734	C	A	H15	H26	.	0	.	.	.	.	.	1	C>A	1	0
9	5096737	A	C	H15	H26	.	0	.	.	.	.	.	1	T>G	0	0
9	5096742	T	C	H15	H26	.	0	.	.	.	.	.	1	T>C	0	0
9	5096746	G	A	H15	H26	.	0	.	.	.	.	.	1	CpH>TpH	0	0
9	35657893	A	G	H15	H26	.	0	.	.	.	.	.	1	T>C	0	0
9	35657895	T	A	H15	H26	.	0	.	.	.	.	.	1	T>A	0	0
9	35657903	T	C	H15	H26	.	0	.	.	.	.	.	1	T>C	0	0
9	35657908	A	G	H15	H26	.	0	.	.	.	.	.	1	T>C	0	0
9	35657915	T	C	H15	H26	.	0	.	.	.	.	.	1	T>C	0	0
9	36401296	C	A	H15	H26	.	0	.	P	.	.	P	1	C>A	0	0
9	39060209	C	T	H15	H26	.	0	.	.	.	.	.	1	CpG>TpG	1	0
10	12161478	G	A	H15	H26	.	1	.	P	P	.	P	0	CpH>TpH	0	1
10	23066118	C	G	H15	H26	.	1	.	.	P	.	P	1	C>G	0	1
10	29810158	A	G	H15	H26	.	0	.	M	.	.	M	0	T>C	0	1
10	55921355	A	C	H15	H26	.	0	.	.	.	.	.	0	T>G	0	1
10	97022360	A	C	H15	H26	.	0	.	M	.	.	M	0	T>G	0	1
10	118365621	C	G	H15	H26	.	1	.	P	P	.	P	0	C>G	1	0
11	7852081	T	C	H15	H26	.	1	.	.	M	.	M	0	T>C	0	1
11	103281145	T	A	H15	H26	.	0	.	.	.	.	.	0	T>A	0	0
11	103281146	A	T	H15	H26	.	0	.	.	.	.	.	0	T>A	0	0
11	103281197	G	A	H15	H26	.	0	.	.	.	.	.	0	CpH>TpH	0	0
11	103281210	T	G	H15	H26	.	0	.	.	.	.	.	0	T>G	0	0
11	103281221	A	C	H15	H26	.	0	.	.	.	.	.	0	T>G	0	0
11	105524770	G	A	H15	H26	.	0	.	P	.	.	P	0	CpH>TpH	0	1
11	115108221	A	G	H15	H26	.	1	.	P	P	.	P	0	T>C	0	0
11	122929116	C	T	H15	H26	.	0	.	.	.	.	.	0	CpH>TpH	0	0
12	2940123	A	C	H15	H26	.	0	.	P	.	.	P	0	T>G	0	0
12	14419223	C	T	H15	H26	.	0	.	.	.	.	.	0	CpG>TpG	1	1
12	132170851	A	T	H15	H26	.	0	.	.	.	.	.	0	T>A	0	0
12	132170853	T	C	H15	H26	.	0	.	.	.	.	.	0	T>C	0	0
13	21391880	C	A	H15	H26	.	0	.	P	.	.	P	0	C>A	0	0
13	30335820	G	A	H15	H26	.	0	.	.	.	.	.	1	CpG>TpG	1	1
13	72877243	T	C	H15	H26	.	0	.	.	.	.	.	0	T>C	0	0
13	84348401	A	T	H15	H26	.	0	.	.	.	.	.	1	T>A	0	1
14	58549577	T	C	H15	H26	.	0	.	.	.	.	.	1	T>C	0	0
14	73500895	G	A	H15	H26	.	0	.	.	.	.	.	0	CpG>TpG	1	1
14	94915848	T	C	H15	H26	.	0	.	.	.	.	.	0	T>C	0	1
14	99887399	A	C	H15	H26	.	0	.	.	.	.	.	0	T>G	0	0
14	99887405	A	C	H15	H26	.	0	.	.	.	.	.	0	T>G	0	0
15	50774634	G	T	H15	H26	.	0	.	P	.	.	P	0	C>A	0	0
16	5020690	G	T	H15	H26	.	0	.	.	.	.	.	0	C>A	0	0
16	5603750	T	A	H15	H26	.	0	.	M	.	.	M	0	T>A	0	1
16	72247106	T	G	H15	H26	.	0	.	.	.	.	.	0	T>G	0	1
16	77955454	T	C	H15	H26	.	1	.	M	M	.	M	1	T>C	0	1
17	14063478	A	T	H15	H26	.	0	.	P	.	.	P	0	T>A	0	0
17	22027554	C	A	H15	H26	.	0	.	P	.	.	P	0	C>A	0	0
17	22027557	T	A	H15	H26	.	0	.	P	.	.	P	0	T>A	0	0
17	22027559	T	C	H15	H26	.	0	.	P	.	.	P	0	T>C	0	0
17	22027572	T	C	H15	H26	.	0	.	P	.	.	P	0	T>C	0	0
17	22027575	C	A	H15	H26	.	0	.	P	.	.	P	0	C>A	0	0
17	22027578	C	T	H15	H26	.	0	.	P	.	.	P	0	CpH>TpH	0	0
17	22027581	C	T	H15	H26	.	0	.	P	.	.	P	0	CpH>TpH	0	0
17	22027584	T	C	H15	H26	.	0	.	P	.	.	P	0	T>C	0	0
17	22027587	C	T	H15	H26	.	0	.	P	.	.	P	0	CpG>TpG	1	0
17	27746911	T	G	H15	H26	.	0	.	P	.	.	P	0	T>G	0	1
18	35199739	G	C	H15	H26	.	1	.	.	P	.	P	1	C>G	0	0
18	54347397	G	C	H15	H26	.	1	.	.	P	.	P	1	C>G	0	1
19	2348183	T	C	H15	H26	.	0	.	.	.	.	.	0	T>C	0	0
19	5719852	C	A	H15	H26	.	1	.	.	P	.	P	1	C>A	0	1
20	40885234	A	C	H15	H26	.	0	.	.	.	.	.	1	T>G	0	1
20	40885240	A	C	H15	H26	.	0	.	.	.	.	.	0	T>G	0	1
20	44299160	A	C	H15	H26	.	0	.	.	.	.	.	0	T>G	0	1
20	58271311	C	T	H15	H26	.	1	.	.	M	.	M	1	CpH>TpH	0	0
21	15607678	G	A	H15	H26	.	0	.	M	.	.	M	0	CpH>TpH	0	1
21	20108206	C	A	H15	H26	.	0	.	P	.	.	P	0	C>A	0	1
21	36360364	A	G	H15	H26	.	0	.	P	.	.	P	1	T>C	0	1
21	47042228	A	G	H15	H26	.	0	.	.	.	.	.	1	T>C	0	1
21	47321658	A	C	H15	H26	.	0	.	.	.	.	.	0	T>G	0	1
21	47423447	C	T	H15	H26	.	0	.	.	.	.	.	1	CpG>TpG	1	0
1	26201804	T	G	H16	H27	.	1	.	.	P	.	P	1	T>G	0	0
1	28948811	C	T	H16	H27	.	1	.	.	P	.	P	1	CpH>TpH	0	1
1	109828847	A	G	H16	H27	.	0	.	.	.	.	.	0	T>C	0	1
1	184202161	A	G	H16	H27	.	0	.	.	.	.	.	0	T>C	0	1
1	208682149	T	C	H16	H27	.	0	.	P	.	.	P	0	T>C	0	1
1	240430441	C	G	H16	H27	.	1	.	M	M	.	M	1	C>G	0	1
2	5450071	A	T	H16	H27	.	1	.	P	P	.	P	1	T>A	0	0
2	7177561	A	G	H16	H27	.	1	.	.	P	.	P	1	T>C	0	0
2	23743865	C	G	H16	H27	.	1	.	.	P	.	P	0	C>G	0	0
2	47283397	G	A	H16	H27	.	1	.	P	P	.	P	0	CpH>TpH	0	0
2	117802094	T	C	H16	H27	.	0	.	.	.	.	.	0	T>C	0	1
2	131175621	A	G	H16	H27	.	0	.	.	.	.	.	0	T>C	0	1
2	181176824	T	C	H16	H27	.	1	.	.	P	.	P	1	T>C	0	0
2	204903405	G	T	H16	H27	.	1	.	.	P	.	P	0	C>A	0	0
2	237566030	G	A	H16	H27	.	1	.	M	M	.	M	1	CpH>TpH	0	0
3	26223104	T	C	H16	H27	.	0	.	.	.	.	.	0	T>C	0	0
3	32607924	G	A	H16	H27	.	0	.	.	.	.	.	1	CpH>TpH	0	0
3	33159516	G	A	H16	H27	.	0	.	.	.	.	.	0	CpG>TpG	1	1
3	43777694	C	T	H16	H27	.	0	.	.	.	.	.	1	CpH>TpH	0	0
3	44298930	A	G	H16	H27	.	0	.	.	.	.	.	0	T>C	0	1
3	123361511	C	G	H16	H27	.	0	.	.	.	.	.	1	C>G	0	1
3	168190208	C	G	H16	H27	.	0	.	P	.	.	P	1	C>G	0	1
3	173611701	C	T	H16	H27	.	0	.	P	.	.	P	1	CpG>TpG	1	0
4	7064185	A	C	H16	H27	.	0	.	P	.	.	P	1	T>G	0	0
4	14839477	T	A	H16	H27	.	0	.	.	.	.	.	1	T>A	0	0
4	26837573	A	T	H16	H27	.	0	.	P	.	.	P	1	T>A	0	1
4	44616562	T	G	H16	H27	.	0	.	.	.	.	.	1	T>G	0	0
4	77330109	C	T	H16	H27	.	1	.	M	M	.	M	0	CpG>TpG	1	1
4	80692613	C	A	H16	H27	.	0	.	.	.	.	.	0	C>A	0	1
4	93907248	A	T	H16	H27	.	0	.	.	.	.	.	1	T>A	0	0
4	113926941	A	T	H16	H27	.	0	.	.	.	.	.	1	T>A	0	1
4	115708608	G	A	H16	H27	.	0	.	.	.	.	.	0	CpG>TpG	1	1
4	139418016	T	A	H16	H27	.	1	.	M	M	.	M	1	T>A	0	1
4	174929003	C	A	H16	H27	.	1	.	M	M	.	M	1	C>A	0	0
5	26238183	A	G	H16	H27	.	1	.	.	P	.	P	1	T>C	0	0
5	36277524	C	A	H16	H27	.	1	.	P	P	.	P	0	C>A	0	1
5	63964788	T	C	H16	H27	.	1	.	P	P	.	P	0	T>C	0	1
5	118205324	G	C	H16	H27	.	1	.	.	P	.	P	0	C>G	0	0
5	147175381	G	T	H16	H27	.	1	.	.	P	.	P	1	C>A	0	0
5	169040997	C	T	H16	H27	.	0	.	.	.	.	.	0	CpH>TpH	0	1
5	175549231	C	G	H16	H27	.	1	.	.	P	.	P	0	C>G	0	1
6	52607652	T	C	H16	H27	.	0	.	P	.	.	P	0	T>C	0	1
6	73349006	G	A	H16	H27	.	0	.	P	.	.	P	1	CpH>TpH	0	0
6	76362688	C	G	H16	H27	.	0	.	.	.	.	.	1	C>G	0	0
6	110056065	C	T	H16	H27	.	1	.	M	M	.	M	1	CpH>TpH	0	0
6	126070462	C	T	H16	H27	.	0	.	.	.	.	.	0	CpG>TpG	1	1
6	128173504	A	G	H16	H27	.	0	.	.	.	.	.	0	T>C	0	1
6	128905792	A	G	H16	H27	.	0	.	.	.	.	.	1	T>C	0	1
6	152417236	A	G	H16	H27	.	0	.	.	.	.	.	1	T>C	0	0
7	13170844	A	G	H16	H27	.	0	.	M	.	.	M	1	T>C	0	1
7	32667373	T	C	H16	H27	.	1	.	.	P	.	P	0	T>C	0	1
7	140074994	T	G	H16	H27	.	0	.	M	.	.	M	0	T>G	0	1
8	707487	T	C	H16	H27	.	1	.	.	P	.	P	1	T>C	0	0
8	11660033	C	T	H16	H27	.	1	.	P	P	.	P	1	CpH>TpH	0	0
8	32417389	C	A	H16	H27	.	0	.	.	.	.	.	0	C>A	0	1
8	47989776	T	C	H16	H27	.	0	.	P	.	.	P	0	T>C	0	1
8	61606710	G	T	H16	H27	.	0	.	.	.	.	.	1	C>A	1	0
8	61875992	G	T	H16	H27	.	0	.	.	.	.	.	1	C>A	0	0
8	96332865	A	G	H16	H27	.	1	.	.	M	.	M	1	T>C	0	0
8	103973099	G	T	H16	H27	.	1	.	M	M	.	M	0	C>A	0	1
8	145938867	C	G	H16	H27	.	0	.	.	.	.	.	0	C>G	1	0
9	10523654	G	C	H16	H27	.	0	.	P	.	.	P	0	C>G	0	1
9	15269032	C	A	H16	H27	.	0	.	.	.	.	.	0	C>A	0	1
9	15271559	C	G	H16	H27	.	0	.	.	.	.	.	0	C>G	0	1
9	74324563	A	C	H16	H27	.	1	.	.	.	.	.	1	T>G	0	0
9	80929155	C	T	H16	H27	.	0	.	.	.	.	.	1	CpH>TpH	0	0
9	87969558	T	C	H16	H27	.	1	.	.	P	.	P	1	T>C	0	1
9	88141484	T	A	H16	H27	.	1	.	.	P	.	P	0	T>A	0	1
9	104865772	C	A	H16	H27	.	1	.	.	P	.	P	1	C>A	0	0
10	383778	T	C	H16	H27	.	0	.	.	.	.	.	0	T>C	0	0
10	1618721	T	G	H16	H27	.	1	.	P	P	.	P	0	T>G	0	0
10	64409777	T	C	H16	H27	.	0	.	.	.	.	.	1	T>C	0	1
10	109598269	T	C	H16	H27	.	1	.	.	M	.	M	0	T>C	0	1
10	115444029	C	T	H16	H27	.	0	.	P	.	.	P	0	CpH>TpH	0	1
10	127193095	T	C	H16	H27	.	0	.	.	.	.	.	1	T>C	0	1
10	129609776	G	A	H16	H27	.	0	.	P	.	.	P	0	CpH>TpH	0	1
11	24623630	G	A	H16	H27	.	0	.	M	.	.	M	0	CpH>TpH	0	1
11	24623636	A	G	H16	H27	.	0	.	M	.	.	M	0	T>C	0	1
11	92956774	C	T	H16	H27	.	1	.	.	.	.	.	0	CpH>TpH	0	0
11	115574204	G	C	H16	H27	.	0	.	M	.	.	M	0	C>G	0	1
11	116944862	T	C	H16	H27	.	1	.	P	P	.	P	1	T>C	0	0
12	38646836	G	T	H16	H27	.	0	.	P	.	.	P	0	C>A	0	1
12	49858334	C	T	H16	H27	.	0	.	.	.	.	.	0	CpG>TpG	1	1
12	73600580	G	T	H16	H27	.	0	.	.	.	.	.	0	C>A	0	0
12	114804708	A	C	H16	H27	.	0	.	P	.	.	P	1	T>G	0	0
12	114805919	G	C	H16	H27	.	0	.	P	.	.	P	1	C>G	0	0
13	108063670	C	A	H16	H27	.	0	.	.	.	.	.	0	C>A	0	1
14	20488977	G	T	H16	H27	.	0	.	.	.	.	.	1	C>A	0	0
14	29380587	A	G	H16	H27	.	0	.	.	.	.	.	1	T>C	0	1
14	44822956	T	C	H16	H27	.	1	.	.	P	.	P	1	T>C	0	0
14	74178996	A	G	H16	H27	.	0	.	.	.	.	.	1	T>C	0	0
14	80538663	C	T	H16	H27	.	1	.	.	P	.	P	1	CpH>TpH	0	1
14	94266555	G	T	H16	H27	.	1	.	.	M	.	M	1	C>A	0	1
14	94915848	T	C	H16	H27	.	0	.	.	.	.	.	0	T>C	0	1
14	94915850	C	T	H16	H27	.	0	.	.	.	.	.	0	CpH>TpH	0	1
15	34408134	G	T	H16	H27	.	0	.	.	.	.	.	1	C>A	0	1
15	38954550	T	A	H16	H27	.	0	.	.	.	.	.	0	T>A	0	0
15	62660211	A	G	H16	H27	.	1	.	P	P	.	P	1	T>C	0	1
15	68658083	C	T	H16	H27	.	0	.	.	.	.	.	1	CpH>TpH	0	1
15	78231393	G	C	H16	H27	.	1	.	.	P	.	P	0	C>G	0	0
15	82345636	T	C	H16	H27	.	1	.	P	P	.	P	0	T>C	0	0
15	92064478	A	G	H16	H27	.	1	.	.	P	.	P	1	T>C	0	1
16	51562972	G	A	H16	H27	.	0	.	P	.	.	P	1	CpH>TpH	0	0
17	3833563	G	A	H16	H27	.	0	.	.	.	.	.	0	CpG>TpG	1	1
17	17885009	T	A	H16	H27	.	1	.	.	P	.	P	0	T>A	0	1
17	27493932	C	T	H16	H27	.	1	.	.	P	.	P	1	CpH>TpH	0	0
17	33897866	T	C	H16	H27	.	0	.	.	.	.	.	0	T>C	0	1
17	68594154	T	C	H16	H27	.	1	.	.	P	.	P	0	T>C	0	0
18	72461469	A	G	H16	H27	.	1	.	.	P	.	P	1	T>C	0	0
19	6456486	A	C	H16	H27	.	0	.	.	.	.	.	1	T>G	0	0
19	9202496	C	T	H16	H27	.	1	.	M	M	.	M	0	CpG>TpG	1	1
19	17511818	G	C	H16	H27	.	0	.	P	.	.	P	0	C>G	0	1
19	28904873	G	A	H16	H27	.	0	.	.	.	.	.	1	CpG>TpG	1	1
20	8392306	A	G	H16	H27	.	1	.	.	P	.	P	1	T>C	0	0
20	13547711	G	A	H16	H27	.	0	.	.	.	.	.	1	CpH>TpH	0	1
20	59339416	T	C	H16	H27	.	0	.	.	.	.	.	0	T>C	0	1
20	59339432	C	G	H16	H27	.	0	.	.	.	.	.	0	C>G	0	1
21	16265837	C	T	H16	H27	.	0	.	.	.	.	.	1	CpG>TpG	1	0
22	18600579	T	A	H16	H27	.	0	.	.	.	.	.	0	T>A	0	0
22	38333456	G	T	H16	H27	.	0	.	.	.	.	.	0	C>A	1	1
1	20991867	T	A	H3	H20	.	0	.	.	.	.	.	0	T>A	0	1
1	24141022	G	C	H3	H20	.	0	.	.	.	.	.	0	C>G	1	1
1	47579834	C	G	H3	H20	.	0	.	.	.	.	.	0	C>G	0	1
1	50565754	C	T	H3	H20	.	0	.	.	.	.	.	0	CpG>TpG	1	1
1	160915001	A	G	H3	H20	.	0	.	P	.	.	P	0	T>C	0	0
1	176200941	A	G	H3	H20	.	1	.	.	P	.	P	1	T>C	0	0
2	38271276	C	A	H3	H20	.	0	.	.	.	.	.	0	C>A	0	1
2	41553405	C	A	H3	H20	.	0	.	.	.	.	.	0	C>A	0	1
2	71864283	C	T	H3	H20	.	0	.	.	.	.	.	1	CpG>TpG	1	1
2	76542245	T	C	H3	H20	.	0	.	.	.	.	.	0	T>C	0	0
2	79452346	G	A	H3	H20	.	0	.	.	.	.	.	0	CpH>TpH	0	1
2	85316550	C	T	H3	H20	.	0	.	P	.	.	P	1	CpG>TpG	1	0
2	114562191	A	G	H3	H20	.	0	.	P	.	.	P	1	T>C	0	0
2	175047629	G	A	H3	H20	.	1	.	.	P	.	P	1	CpG>TpG	1	0
2	196212731	C	T	H3	H20	.	1	.	.	P	.	P	1	CpH>TpH	0	1
2	197632891	G	A	H3	H20	.	0	.	.	.	.	.	1	CpG>TpG	1	1
3	930803	G	A	H3	H20	.	0	.	.	.	.	.	1	CpG>TpG	1	1
3	3456721	C	A	H3	H20	.	0	.	P	.	.	P	1	C>A	0	1
3	39808465	A	C	H3	H20	.	0	.	.	.	.	.	1	T>G	0	1
3	95087719	T	C	H3	H20	.	0	.	.	.	.	.	0	T>C	0	0
3	95869338	T	A	H3	H20	.	1	.	.	P	.	P	0	T>A	0	0
3	195346533	A	G	H3	H20	.	1	.	M	M	.	M	0	T>C	0	0
4	137097490	G	A	H3	H20	.	1	.	.	P	.	P	0	CpG>TpG	1	1
5	56491945	C	T	H3	H20	.	0	.	.	.	.	.	1	CpH>TpH	0	0
5	110187367	G	A	H3	H20	.	1	.	.	M	.	M	0	CpH>TpH	0	1
5	146114057	C	T	H3	H20	.	1	.	M	M	.	M	1	CpH>TpH	0	1
6	7367552	G	T	H3	H20	.	0	.	.	.	.	.	1	C>A	0	1
6	25180325	T	A	H3	H20	.	0	.	P	.	.	P	0	T>A	0	0
6	50895674	G	A	H3	H20	.	1	.	P	P	.	P	1	CpG>TpG	1	0
6	139193579	C	T	H3	H20	.	0	.	.	.	.	.	0	CpG>TpG	1	0
6	167101059	G	A	H3	H20	.	1	.	.	M	.	M	0	CpH>TpH	0	0
7	29684977	C	T	H3	H20	.	0	.	.	.	.	.	0	CpH>TpH	0	1
7	29684992	G	A	H3	H20	.	0	.	.	.	.	.	0	CpH>TpH	0	1
7	68589855	G	A	H3	H20	.	0	.	.	.	.	.	1	CpH>TpH	0	1
7	95797463	C	A	H3	H20	.	0	.	.	.	.	.	1	C>A	0	0
7	95797465	C	A	H3	H20	.	0	.	.	.	.	.	0	C>A	0	0
7	95797467	C	A	H3	H20	.	0	.	.	.	.	.	0	C>A	0	0
7	95797469	C	A	H3	H20	.	0	.	.	.	.	.	1	C>A	0	0
7	95797471	C	A	H3	H20	.	0	.	.	.	.	.	1	C>A	0	0
7	95797473	G	A	H3	H20	.	0	.	.	.	.	.	1	CpH>TpH	0	0
7	108302017	C	G	H3	H20	.	0	.	.	.	.	.	1	C>G	0	0
7	108307496	G	T	H3	H20	.	0	.	.	.	.	.	0	C>A	0	0
8	17913559	T	A	H3	H20	.	1	.	P	P	.	P	0	T>A	0	0
8	40286408	T	G	H3	H20	.	1	.	.	P	.	P	1	T>G	0	1
9	20561950	G	A	H3	H20	.	0	.	.	.	.	.	1	CpH>TpH	0	0
9	37185492	C	T	H3	H20	.	1	.	.	P	.	P	1	CpH>TpH	0	1
9	78547992	C	T	H3	H20	.	1	.	.	P	.	P	1	CpG>TpG	1	0
9	107997150	C	T	H3	H20	.	0	.	.	.	.	.	1	CpH>TpH	0	1
10	18345040	G	A	H3	H20	.	0	.	P	.	.	P	1	CpH>TpH	0	0
10	31050795	T	G	H3	H20	.	0	.	.	.	.	.	0	T>G	0	1
10	54660729	T	G	H3	H20	.	0	.	.	.	.	.	1	T>G	0	1
10	72316047	T	C	H3	H20	.	0	.	M	.	.	M	0	T>C	0	1
10	93853408	C	T	H3	H20	.	0	.	P	.	.	P	1	CpG>TpG	1	1
10	114066232	G	A	H3	H20	.	0	.	.	.	.	.	1	CpH>TpH	0	1
10	123403469	C	T	H3	H20	.	0	.	P	.	.	P	1	CpH>TpH	0	0
11	105907763	G	T	H3	H20	.	0	.	.	.	.	.	1	C>A	0	0
12	18718332	C	T	H3	H20	.	1	.	.	P	.	P	1	CpG>TpG	1	0
12	22859134	C	T	H3	H20	.	1	.	.	P	.	P	1	CpG>TpG	1	0
12	66462918	A	G	H3	H20	.	0	.	.	.	.	.	0	T>C	0	1
12	68612226	A	G	H3	H20	.	1	.	P	P	.	P	1	T>C	0	1
12	112367422	G	A	H3	H20	.	0	.	.	.	.	.	0	CpH>TpH	0	1
13	19980768	C	T	H3	H20	.	0	.	.	.	.	.	0	CpG>TpG	1	0
13	91040333	G	A	H3	H20	.	0	.	P	.	.	P	0	CpH>TpH	0	1
13	91040337	G	A	H3	H20	.	0	.	P	.	.	P	0	CpH>TpH	0	1
14	32123617	T	C	H3	H20	.	1	.	P	P	.	P	0	T>C	0	1
14	89529366	G	A	H3	H20	.	1	.	.	M	.	M	1	CpG>TpG	1	1
14	105909203	C	T	H3	H20	.	0	.	.	.	.	.	1	CpG>TpG	1	0
14	105909212	A	C	H3	H20	.	0	.	.	.	.	.	1	T>G	0	0
15	22827939	T	C	H3	H20	.	0	.	.	.	.	.	0	T>C	0	0
15	33472029	A	G	H3	H20	.	1	.	.	P	.	P	1	T>C	0	0
15	54455570	T	C	H3	H20	.	0	.	.	.	.	.	0	T>C	0	1
15	63278756	C	T	H3	H20	.	0	.	.	.	.	.	1	CpH>TpH	0	1
15	100093519	T	G	H3	H20	.	0	.	.	.	.	.	1	T>G	0	0
16	61459570	T	G	H3	H20	.	0	.	.	.	.	.	0	T>G	0	1
16	88511674	C	A	H3	H20	.	0	.	.	.	.	.	1	C>A	0	0
17	16921882	C	T	H3	H20	.	1	.	.	P	.	P	1	CpG>TpG	1	1
17	20915684	T	C	H3	H20	.	0	.	M	.	.	M	1	T>C	0	0
17	30046271	C	A	H3	H20	.	0	.	.	.	.	.	1	C>A	0	0
17	71175604	G	A	H3	H20	.	0	.	P	.	.	P	1	CpG>TpG	1	1
18	20672435	C	T	H3	H20	.	1	.	.	P	.	P	1	CpG>TpG	1	1
18	76045431	T	A	H3	H20	.	1	.	P	P	.	P	0	T>A	0	1
19	554109	C	A	H3	H20	.	0	.	.	.	.	.	0	C>A	0	1
19	14960640	C	T	H3	H20	.	1	.	.	M	.	M	0	CpG>TpG	1	1
19	51574264	A	G	H3	H20	.	0	.	.	.	.	.	1	T>C	0	1
20	46922868	A	T	H3	H20	.	0	.	.	.	.	.	0	T>A	0	1
21	17413929	A	G	H3	H20	.	1	.	P	P	.	P	1	T>C	0	0
22	50161937	C	G	H3	H20	.	1	.	P	P	.	P	1	C>G	0	0
1	105897969	T	C	H4	H19	.	0	.	.	.	.	.	1	T>C	0	0
1	156151345	C	A	H4	H19	.	0	.	P	.	.	P	0	C>A	0	1
1	156880904	T	C	H4	H19	.	0	.	.	.	.	.	1	T>C	0	1
1	220409478	T	C	H4	H19	.	1	.	.	M	.	M	1	T>C	0	0
1	222175313	A	G	H4	H19	.	0	.	P	.	.	P	0	T>C	0	0
1	224033484	G	A	H4	H19	.	0	.	P	.	.	P	1	CpH>TpH	0	0
1	228695509	C	T	H4	H19	.	1	.	.	.	.	.	0	CpG>TpG	1	1
1	235893998	T	C	H4	H19	.	1	.	.	P	.	P	1	T>C	0	0
1	245968606	T	C	H4	H19	.	1	.	.	P	.	P	1	T>C	0	0
2	42494909	C	G	H4	H19	.	0	.	.	.	.	.	1	C>G	0	0
2	50590822	G	A	H4	H19	.	0	.	.	.	.	.	0	CpG>TpG	1	1
2	114992783	C	T	H4	H19	.	1	.	.	P	.	P	0	CpH>TpH	0	0
2	116791647	C	A	H4	H19	.	1	.	P	P	.	P	1	C>A	0	1
2	123631232	T	C	H4	H19	.	1	.	.	P	.	P	0	T>C	0	1
2	168663041	C	T	H4	H19	.	1	.	P	P	.	P	0	CpH>TpH	0	1
2	198689244	C	T	H4	H19	.	1	.	.	P	.	P	1	CpH>TpH	0	1
2	203023780	G	A	H4	H19	.	0	.	M	.	.	M	1	CpH>TpH	0	0
3	11557388	G	A	H4	H19	.	1	.	.	P	.	P	1	CpH>TpH	0	0
3	73160072	G	C	H4	H19	.	0	.	.	.	.	.	1	C>G	0	0
3	171349443	G	A	H4	H19	.	1	.	.	P	.	P	1	CpG>TpG	1	1
3	178888017	A	G	H4	H19	.	1	.	.	P	.	P	0	T>C	0	0
4	11144598	A	T	H4	H19	.	0	.	.	.	.	.	1	T>A	0	1
4	26481212	C	G	H4	H19	.	0	.	P	.	.	P	1	C>G	0	0
4	66252863	G	T	H4	H19	.	0	.	.	.	.	.	0	C>A	0	0
4	94113973	T	G	H4	H19	.	1	.	.	M	.	M	1	T>G	0	0
4	99404646	T	G	H4	H19	.	0	.	.	.	.	.	1	T>G	0	1
4	152985239	G	A	H4	H19	.	0	.	.	.	.	.	1	CpH>TpH	0	0
4	177296340	G	A	H4	H19	.	0	.	P	.	.	P	0	CpH>TpH	0	1
5	17915903	A	G	H4	H19	.	0	.	.	.	.	.	1	T>C	0	1
5	59135015	A	T	H4	H19	.	1	.	P	P	.	P	1	T>A	0	0
5	70802967	C	G	H4	H19	.	1	.	P	P	.	P	0	C>G	0	0
5	85434957	G	A	H4	H19	.	0	.	M	.	.	M	1	CpH>TpH	0	1
5	127875692	C	G	H4	H19	.	0	.	.	.	.	.	0	C>G	0	1
5	140795345	C	T	H4	H19	.	0	.	.	.	.	.	0	CpH>TpH	0	0
5	145751030	A	T	H4	H19	.	0	.	P	.	.	P	1	T>A	0	0
5	165725516	C	T	H4	H19	.	0	.	P	.	.	P	1	CpG>TpG	1	1
6	79752411	A	G	H4	H19	.	1	.	.	P	.	P	1	T>C	0	0
6	81820149	A	G	H4	H19	.	1	.	.	P	.	P	1	T>C	0	1
6	92114242	A	C	H4	H19	.	1	.	P	P	.	P	1	T>G	0	1
6	142845484	T	G	H4	H19	.	1	.	.	P	.	P	0	T>G	0	0
6	142845485	G	T	H4	H19	.	1	.	.	P	.	P	0	C>A	0	0
7	100424889	G	A	H4	H19	.	1	.	.	P	.	P	0	CpH>TpH	0	1
7	140989539	G	A	H4	H19	.	0	.	.	.	.	.	1	CpH>TpH	0	1
7	145948819	A	T	H4	H19	.	1	.	.	P	.	P	1	T>A	0	0
8	37643967	G	A	H4	H19	.	1	.	.	P	.	P	1	CpH>TpH	0	0
8	131134064	T	A	H4	H19	.	0	.	.	.	.	.	0	T>A	0	1
8	134991707	C	T	H4	H19	.	0	.	.	.	.	.	1	CpG>TpG	1	0
8	136955151	C	G	H4	H19	.	0	.	.	.	.	.	1	C>G	0	0
9	92465425	T	C	H4	H19	.	1	.	.	P	.	P	0	T>C	0	1
10	12884002	G	A	H4	H19	.	0	.	.	.	.	.	0	CpG>TpG	1	1
10	72987378	C	T	H4	H19	.	0	.	P	.	.	P	0	CpH>TpH	0	1
10	72987406	T	C	H4	H19	.	0	.	P	.	.	P	0	T>C	0	1
10	82687314	T	C	H4	H19	.	0	.	P	.	.	P	1	T>C	0	1
11	366031	G	A	H4	H19	.	1	.	.	P	.	P	0	CpG>TpG	1	1
11	127296706	G	A	H4	H19	.	1	.	.	M	.	M	1	CpH>TpH	0	0
12	102137803	A	G	H4	H19	.	1	.	P	P	.	P	1	T>C	0	0
12	121003287	C	T	H4	H19	.	1	.	.	P	.	P	0	CpG>TpG	1	0
12	127742733	T	A	H4	H19	.	1	.	P	P	.	P	0	T>A	0	0
12	128546031	C	T	H4	H19	.	1	.	.	P	.	P	1	CpH>TpH	0	0
13	105273202	C	T	H4	H19	.	1	.	.	P	.	P	1	CpH>TpH	0	1
14	32771287	G	A	H4	H19	.	0	.	.	.	.	.	0	CpH>TpH	0	0
15	22827939	T	C	H4	H19	.	1	.	.	M	.	M	0	T>C	0	0
15	40360707	C	A	H4	H19	.	0	.	P	.	.	P	1	C>A	0	1
15	57848732	A	G	H4	H19	.	0	.	.	.	.	.	1	T>C	0	1
15	72589603	C	T	H4	H19	.	0	.	.	.	.	.	0	CpH>TpH	0	1
16	10943049	T	C	H4	H19	.	0	.	.	.	.	.	0	T>C	0	1
17	46028301	C	T	H4	H19	.	1	.	M	M	.	M	0	CpG>TpG	1	1
17	56428146	G	A	H4	H19	.	0	.	.	.	.	.	1	CpG>TpG	1	1
17	65221481	C	T	H4	H19	.	0	.	P	.	.	P	0	CpG>TpG	1	1
18	11860728	T	G	H4	H19	.	1	.	P	P	.	P	0	T>G	0	1
18	77005593	A	C	H4	H19	.	0	.	P	.	.	P	0	T>G	0	0
20	31784674	G	A	H4	H19	.	1	.	.	P	.	P	1	CpG>TpG	1	1
20	46922868	A	T	H4	H19	.	0	.	.	.	.	.	0	T>A	0	1
21	25128372	G	T	H4	H19	.	0	.	.	.	.	.	0	C>A	0	1
22	46249990	G	A	H4	H19	.	0	.	.	.	.	.	1	CpH>TpH	0	0
1	5600655	C	T	H5	H18	.	0	.	.	.	.	.	1	CpH>TpH	0	1
1	41150899	A	G	H5	H18	.	0	.	.	.	.	.	1	T>C	0	0
1	90040828	G	T	H5	H18	.	0	.	P	.	.	P	1	C>A	0	1
1	104678192	A	T	H5	H18	.	0	.	P	.	.	P	0	T>A	0	1
1	229202284	A	C	H5	H18	.	1	.	.	P	.	P	1	T>G	0	1
2	5003073	C	T	H5	H18	.	0	.	.	.	.	.	0	CpH>TpH	0	0
2	42790858	G	C	H5	H18	.	1	.	.	P	.	P	0	C>G	1	1
2	44135688	T	C	H5	H18	.	1	.	.	P	.	P	0	T>C	0	1
2	73420842	C	T	H5	H18	.	0	.	P	.	.	P	0	CpH>TpH	0	1
2	81599414	A	C	H5	H18	.	1	.	.	P	.	P	1	T>G	0	0
2	86911667	C	T	H5	H18	.	0	.	.	.	.	.	0	CpH>TpH	0	1
2	92100932	C	T	H5	H18	.	1	.	P	P	.	P	0	CpG>TpG	1	1
2	95836129	T	G	H5	H18	.	1	.	.	P	.	P	0	T>G	0	0
2	132108035	C	T	H5	H18	.	0	.	M	.	.	M	0	CpG>TpG	1	1
2	140955700	C	G	H5	H18	.	0	.	P	.	.	P	1	C>G	0	0
2	163770568	A	G	H5	H18	.	0	.	.	.	.	.	1	T>C	0	1
2	226244678	C	T	H5	H18	.	1	.	.	M	.	M	1	CpG>TpG	1	0
3	3456721	C	A	H5	H18	.	0	.	P	.	.	P	1	C>A	0	1
3	29291846	G	A	H5	H18	.	0	.	.	.	.	.	1	CpH>TpH	0	0
3	44568586	G	A	H5	H18	.	1	.	P	P	.	P	0	CpG>TpG	1	0
3	131698542	T	C	H5	H18	.	0	.	.	.	.	.	0	T>C	0	1
3	177313223	T	C	H5	H18	.	0	.	M	.	.	M	1	T>C	0	0
3	189166209	T	A	H5	H18	.	1	.	.	P	.	P	0	T>A	0	0
4	7135266	C	G	H5	H18	.	0	.	.	.	.	.	0	C>G	0	1
4	66320863	A	G	H5	H18	.	0	.	P	.	.	P	0	T>C	0	1
4	126612178	T	C	H5	H18	.	0	.	P	.	.	P	1	T>C	0	1
4	128509053	T	C	H5	H18	.	0	.	.	.	.	.	1	T>C	0	1
4	139829456	G	A	H5	H18	.	1	.	M	M	.	M	0	CpH>TpH	0	1
4	149681695	C	T	H5	H18	.	0	.	.	.	.	.	1	CpH>TpH	0	1
5	34852962	T	C	H5	H18	.	1	.	.	M	.	M	1	T>C	0	1
5	106950859	A	T	H5	H18	.	0	.	.	.	.	.	1	T>A	0	0
5	136878926	G	A	H5	H18	.	1	.	M	M	.	M	0	CpH>TpH	0	1
6	954376	T	C	H5	H18	.	1	.	M	M	.	M	1	T>C	0	0
6	11345506	T	C	H5	H18	.	0	.	.	.	.	.	1	T>C	0	0
6	18171258	A	G	H5	H18	.	0	.	M	.	.	M	1	T>C	0	1
6	65887380	T	G	H5	H18	.	1	.	.	P	.	P	0	T>G	0	0
6	149863604	G	A	H5	H18	.	0	.	.	.	.	.	1	CpG>TpG	1	1
7	556936	C	A	H5	H18	.	1	.	.	P	.	P	0	C>A	1	0
7	21455356	G	A	H5	H18	.	0	.	.	.	.	.	0	CpH>TpH	0	1
7	52813466	T	A	H5	H18	.	0	.	P	.	.	P	1	T>A	0	0
7	89533093	C	T	H5	H18	.	0	.	P	.	.	P	1	CpH>TpH	0	0
7	144767761	T	G	H5	H18	.	1	.	.	M	.	M	0	T>G	0	1
8	30001790	A	G	H5	H18	.	1	.	.	P	.	P	1	T>C	0	1
8	35436497	A	G	H5	H18	.	1	.	.	P	.	P	1	T>C	0	0
8	112551858	A	C	H5	H18	.	1	.	.	P	.	P	1	T>G	0	1
8	140218897	C	T	H5	H18	.	1	.	M	M	.	M	1	CpG>TpG	1	0
9	6238111	C	A	H5	H18	.	0	.	.	.	.	.	1	C>A	1	0
9	11307419	C	G	H5	H18	.	0	.	.	.	.	.	1	C>G	0	1
9	14036229	G	A	H5	H18	.	0	.	P	.	.	P	1	CpH>TpH	0	1
10	3799028	A	G	H5	H18	.	1	.	.	P	.	P	1	T>C	0	0
10	31062105	G	A	H5	H18	.	0	.	.	.	.	.	1	CpG>TpG	1	0
10	36022212	G	C	H5	H18	.	0	.	.	.	.	.	0	C>G	0	1
10	83855943	A	G	H5	H18	.	1	.	P	P	.	P	1	T>C	0	1
10	119512980	G	C	H5	H18	.	0	.	.	.	.	.	0	C>G	0	1
11	13446720	C	T	H5	H18	.	0	.	.	.	.	.	1	CpH>TpH	0	1
11	37453833	G	A	H5	H18	.	0	.	.	.	.	.	0	CpG>TpG	1	1
11	47109397	C	T	H5	H18	.	0	.	.	.	.	.	1	CpH>TpH	0	1
11	49175358	C	A	H5	H18	.	0	.	.	.	.	.	0	C>A	0	1
11	94983273	T	G	H5	H18	.	0	.	.	.	.	.	1	T>G	0	1
11	99512134	G	C	H5	H18	.	1	.	M	M	.	M	1	C>G	0	0
12	4509608	C	T	H5	H18	.	0	.	.	.	.	.	1	CpG>TpG	1	1
12	28002474	G	T	H5	H18	.	0	.	M	.	.	M	1	C>A	0	1
12	47795486	G	C	H5	H18	.	1	.	.	P	.	P	1	C>G	0	1
12	60344348	C	T	H5	H18	.	1	.	.	P	.	P	0	CpH>TpH	0	1
12	97516950	T	C	H5	H18	.	0	.	P	.	.	P	1	T>C	0	0
12	121475604	T	G	H5	H18	.	0	.	P	.	.	P	1	T>G	0	0
12	126874794	C	T	H5	H18	.	0	.	P	.	.	P	1	CpG>TpG	1	0
13	76512351	G	A	H5	H18	.	0	.	M	.	.	M	0	CpH>TpH	0	1
13	83594249	T	C	H5	H18	.	1	.	.	M	.	M	0	T>C	0	1
13	108910507	C	T	H5	H18	.	0	.	P	.	.	P	0	CpH>TpH	0	1
14	22134124	A	G	H5	H18	.	1	.	.	P	.	P	1	T>C	0	0
14	23398849	C	T	H5	H18	.	0	.	.	.	.	.	1	CpH>TpH	0	0
14	23401213	T	C	H5	H18	.	1	.	P	P	.	P	0	T>C	0	1
14	23794967	C	T	H5	H18	.	0	.	.	.	.	.	0	CpH>TpH	0	0
14	43022129	G	A	H5	H18	.	1	.	.	P	.	P	1	CpG>TpG	1	1
14	61629238	C	T	H5	H18	.	1	.	P	P	.	P	1	CpH>TpH	0	1
14	72638002	C	T	H5	H18	.	0	.	.	.	.	.	0	CpH>TpH	0	0
15	22827939	T	C	H5	H18	.	0	.	P	.	.	P	0	T>C	0	0
15	39003507	G	A	H5	H18	.	1	.	.	M	.	M	1	CpH>TpH	0	0
15	64051473	G	A	H5	H18	.	0	.	.	.	.	.	0	CpG>TpG	1	0
15	64060370	G	A	H5	H18	.	0	.	P	.	.	P	1	CpH>TpH	0	0
15	86653362	C	T	H5	H18	.	0	.	.	.	.	.	1	CpG>TpG	1	1
16	6744551	A	G	H5	H18	.	0	.	P	.	.	P	0	T>C	0	0
16	67381538	A	C	H5	H18	.	0	.	.	.	.	.	0	T>G	0	0
16	68806946	G	T	H5	H18	.	1	.	M	M	.	M	0	C>A	0	1
16	77434357	G	C	H5	H18	.	1	.	P	M	.	conflict	0	C>G	0	1
17	958461	A	T	H5	H18	.	1	.	P	P	.	P	1	T>A	0	1
17	27350532	T	C	H5	H18	.	1	.	.	P	.	P	1	T>C	0	1
17	64061656	G	A	H5	H18	.	0	.	.	.	.	.	1	CpH>TpH	0	0
18	58810632	T	C	H5	H18	.	0	.	.	.	.	.	0	T>C	0	1
18	67285005	G	A	H5	H18	.	1	.	P	M	.	conflict	1	CpH>TpH	0	1
18	69709351	T	C	H5	H18	.	0	.	.	.	.	.	1	T>C	0	0
19	14600569	C	A	H5	H18	.	1	.	.	P	.	P	0	C>A	0	0
19	39464579	C	T	H5	H18	.	1	.	.	P	.	P	0	CpG>TpG	1	1
19	56213783	C	G	H5	H18	.	0	.	M	.	.	M	1	C>G	0	1
19	57671072	C	T	H5	H18	.	1	.	P	P	.	P	0	CpG>TpG	1	1
20	13542446	T	C	H5	H18	.	1	.	M	M	.	M	0	T>C	0	1
20	46922868	A	T	H5	H18	.	0	.	.	.	.	.	0	T>A	0	1
21	14950959	C	G	H5	H18	.	0	.	M	.	.	M	0	C>G	0	1
21	22837801	G	A	H5	H18	.	0	.	.	.	.	.	1	CpG>TpG	1	0
21	24820003	T	C	H5	H18	.	0	.	M	.	.	M	1	T>C	0	0
21	25128372	G	T	H5	H18	.	0	.	.	.	.	.	0	C>A	0	1
21	42018343	A	T	H5	H18	.	0	.	M	.	.	M	1	T>A	0	1
22	35915162	C	T	H5	H18	.	0	.	.	.	.	.	1	CpH>TpH	0	0
22	37138722	G	A	H5	H18	.	0	.	.	.	.	.	0	CpH>TpH	0	1
22	38201258	A	G	H5	H18	.	0	.	.	.	.	.	0	T>C	0	1
1	1088635	T	C	H8	H23	.	1	.	M	M	.	M	1	T>C	0	0
1	10471522	G	C	H8	H23	.	0	.	M	.	.	M	1	C>G	0	0
1	10471525	A	C	H8	H23	.	0	.	M	.	.	M	1	T>G	0	0
1	10471531	T	C	H8	H23	.	0	.	M	.	.	M	0	T>C	0	0
1	10471533	G	C	H8	H23	.	0	.	M	.	.	M	0	C>G	0	0
1	50146148	A	T	H8	H23	.	0	.	.	.	.	.	1	T>A	0	1
1	241591582	A	C	H8	H23	.	0	.	.	.	.	.	0	T>G	0	1
2	6026542	G	A	H8	H23	.	0	.	P	.	.	P	1	CpH>TpH	0	0
2	16025963	A	G	H8	H23	.	0	.	P	.	.	P	0	T>C	0	0
2	38916039	C	T	H8	H23	.	0	.	.	.	.	.	1	CpG>TpG	1	1
2	121842334	G	A	H8	H23	.	0	.	.	.	.	.	0	CpH>TpH	0	1
2	152419624	G	A	H8	H23	.	1	.	.	P	.	P	1	CpH>TpH	0	1
2	169746763	A	T	H8	H23	.	0	.	.	.	.	.	0	T>A	0	0
3	31807971	A	G	H8	H23	.	1	.	.	P	.	P	1	T>C	0	1
3	57930457	C	T	H8	H23	.	0	.	M	.	.	M	0	CpH>TpH	0	1
3	62717518	G	A	H8	H23	.	0	.	.	.	.	.	0	CpH>TpH	0	1
3	87484235	G	A	H8	H23	.	0	.	P	.	.	P	0	CpH>TpH	0	0
3	113282609	G	A	H8	H23	.	0	.	.	.	.	.	0	CpH>TpH	0	1
3	130785714	G	A	H8	H23	.	0	.	.	.	.	.	0	CpH>TpH	0	0
4	3378431	G	A	H8	H23	.	0	.	.	.	.	.	1	CpG>TpG	1	0
4	53326869	C	T	H8	H23	.	0	.	.	.	.	.	0	CpH>TpH	0	1
4	67753283	C	A	H8	H23	.	0	.	P	.	.	P	0	C>A	0	1
5	49466140	T	G	H8	H23	.	0	.	P	.	.	P	0	T>G	0	1
5	66635983	G	A	H8	H23	.	1	.	.	P	.	P	1	CpH>TpH	0	1
5	75110024	C	T	H8	H23	.	0	.	M	.	.	M	0	CpG>TpG	1	1
5	77919741	C	T	H8	H23	.	0	.	.	.	.	.	1	CpH>TpH	0	0
5	137893601	T	A	H8	H23	.	0	.	.	.	.	.	0	T>A	0	0
5	137893604	T	A	H8	H23	.	0	.	.	.	.	.	0	T>A	0	0
5	137893607	C	A	H8	H23	.	0	.	.	.	.	.	0	C>A	0	0
5	137893613	G	T	H8	H23	.	0	.	.	.	.	.	0	C>A	0	0
5	137893622	G	A	H8	H23	.	0	.	.	.	.	.	0	CpH>TpH	0	0
5	169398208	T	A	H8	H23	.	0	.	.	.	.	.	1	T>A	0	0
6	47867779	C	A	H8	H23	.	0	.	P	.	.	P	1	C>A	0	1
6	147947970	G	A	H8	H23	.	0	.	.	.	.	.	0	CpH>TpH	0	1
6	147947971	T	A	H8	H23	.	0	.	.	.	.	.	0	T>A	0	1
6	147947972	G	A	H8	H23	.	0	.	.	.	.	.	1	CpH>TpH	0	1
7	11431993	T	G	H8	H23	.	0	.	.	.	.	.	0	T>G	0	1
7	13394980	A	T	H8	H23	.	0	.	M	.	.	M	0	T>A	0	1
7	24956546	A	C	H8	H23	.	0	.	M	.	.	M	1	T>G	0	0
7	24956547	A	C	H8	H23	.	0	.	M	.	.	M	1	T>G	0	0
7	49690209	G	T	H8	H23	.	0	.	.	.	.	.	0	C>A	0	1
8	6198635	C	T	H8	H23	.	1	.	.	M	.	M	0	CpG>TpG	1	0
8	12711385	A	T	H8	H23	.	0	.	.	.	.	.	1	T>A	0	0
8	30958420	T	C	H8	H23	.	0	.	P	.	.	P	1	T>C	0	0
8	128248005	A	T	H8	H23	.	0	.	P	.	.	P	0	T>A	0	1
9	102076415	A	T	H8	H23	.	0	.	P	.	.	P	0	T>A	0	1
9	125634210	C	T	H8	H23	.	1	.	.	P	.	P	1	CpH>TpH	0	1
9	139642176	C	T	H8	H23	.	0	.	.	.	.	.	0	CpH>TpH	0	1
10	7614766	G	T	H8	H23	.	0	.	.	.	.	.	1	C>A	0	1
10	12902776	G	A	H8	H23	.	1	.	P	P	.	P	1	CpG>TpG	1	1
10	12902785	C	T	H8	H23	.	0	.	P	.	.	P	1	CpH>TpH	0	1
10	43029404	C	T	H8	H23	.	0	.	.	.	.	.	0	CpH>TpH	0	1
10	89896521	G	A	H8	H23	.	0	.	P	.	.	P	0	CpH>TpH	0	1
10	95470756	A	C	H8	H23	.	0	.	P	.	.	P	1	T>G	0	1
11	8607052	A	G	H8	H23	.	0	.	.	.	.	.	0	T>C	0	1
11	17216474	G	A	H8	H23	.	0	.	M	.	.	M	0	CpH>TpH	0	1
11	60603731	G	A	H8	H23	.	0	.	.	.	.	.	0	CpG>TpG	1	0
11	63955469	C	T	H8	H23	.	0	.	.	.	.	.	0	CpG>TpG	1	1
11	84401997	A	T	H8	H23	.	0	.	.	.	.	.	1	T>A	0	0
11	122311892	T	C	H8	H23	.	0	.	.	.	.	.	0	T>C	0	1
12	3237250	G	A	H8	H23	.	1	.	.	P	.	P	1	CpG>TpG	1	1
12	34069782	A	T	H8	H23	.	0	.	P	.	.	P	0	T>A	0	1
12	40555718	C	T	H8	H23	.	0	.	P	.	.	P	0	CpH>TpH	0	1
12	131199162	C	A	H8	H23	.	0	.	P	.	.	P	0	C>A	0	0
13	54465752	G	A	H8	H23	.	0	.	.	.	.	.	1	CpG>TpG	1	0
13	80829457	G	A	H8	H23	.	0	.	.	.	.	.	0	CpG>TpG	1	0
14	24065405	C	T	H8	H23	.	0	.	.	.	.	.	0	CpH>TpH	0	1
15	73742734	G	A	H8	H23	.	0	.	.	.	.	.	0	CpG>TpG	1	1
15	86036315	C	T	H8	H23	.	0	.	.	.	.	.	1	CpG>TpG	1	0
15	90347209	C	G	H8	H23	.	0	.	M	.	.	M	1	C>G	0	0
15	90347210	T	C	H8	H23	.	0	.	M	.	.	M	1	T>C	0	0
16	23600620	G	A	H8	H23	.	0	.	M	.	.	M	0	CpH>TpH	0	1
16	87417692	T	C	H8	H23	.	0	.	P	.	.	P	1	T>C	0	1
16	88620091	T	G	H8	H23	.	0	.	M	.	.	M	1	T>G	0	0
17	15401804	G	C	H8	H23	.	0	.	.	.	.	.	1	C>G	0	0
17	26817776	G	C	H8	H23	.	0	.	M	.	.	M	0	C>G	1	0
17	26817783	T	G	H8	H23	.	0	.	M	.	.	M	1	T>G	0	0
17	26817785	A	C	H8	H23	.	0	.	M	.	.	M	1	T>G	0	0
17	26817795	G	C	H8	H23	.	0	.	M	.	.	M	1	C>G	0	0
17	66016021	A	G	H8	H23	.	0	.	.	.	.	.	0	T>C	0	1
17	66016029	C	T	H8	H23	.	0	.	.	.	.	.	0	CpG>TpG	1	1
17	72381745	G	A	H8	H23	.	1	.	.	P	.	P	0	CpG>TpG	1	1
18	35461464	T	C	H8	H23	.	1	.	.	P	.	P	0	T>C	0	1
19	1262121	C	G	H8	H23	.	1	.	.	P	.	P	0	C>G	0	0
19	44990439	T	C	H8	H23	.	0	.	.	.	.	.	1	T>C	0	1
20	739735	G	A	H8	H23	.	1	.	P	P	.	P	1	CpG>TpG	1	0
20	32084993	T	G	H8	H23	.	0	.	.	.	.	.	0	T>G	0	1
20	51366075	G	A	H8	H23	.	1	.	.	M	.	M	1	CpH>TpH	0	0
21	45675059	T	C	H8	H23	.	1	.	P	P	.	P	1	T>C	0	0
22	38079769	A	C	H8	H23	.	0	.	.	.	.	.	0	T>G	0	1
22	38079774	A	G	H8	H23	.	0	.	.	.	.	.	1	T>C	0	1
1	11691193	C	T	H9	H22	.	0	.	P	.	.	P	1	CpH>TpH	0	0
1	29748781	G	C	H9	H22	.	1	.	.	M	.	M	1	C>G	0	1
1	36872103	G	T	H9	H22	.	0	.	M	.	.	M	0	C>A	0	1
1	66759933	C	T	H9	H22	.	0	.	P	.	.	P	1	CpH>TpH	0	0
1	93321547	T	C	H9	H22	.	1	.	.	P	.	P	0	T>C	0	1
1	118035279	G	A	H9	H22	.	0	.	.	.	.	.	1	CpH>TpH	0	0
1	151700675	G	A	H9	H22	.	1	.	P	P	.	P	1	CpG>TpG	1	0
1	184320836	G	A	H9	H22	.	0	.	.	.	.	.	1	CpH>TpH	0	1
1	237270592	C	T	H9	H22	.	0	.	P	.	.	P	0	CpG>TpG	1	1
1	237270597	G	A	H9	H22	.	0	.	P	.	.	P	0	CpG>TpG	1	1
1	237270604	G	A	H9	H22	.	0	.	P	.	.	P	0	CpG>TpG	1	1
1	247597297	T	C	H9	H22	.	0	.	P	.	.	P	0	T>C	0	0
2	14562900	T	G	H9	H22	.	1	.	P	P	.	P	1	T>G	0	0
2	42989172	C	T	H9	H22	.	1	.	.	P	.	P	0	CpG>TpG	1	0
2	77201277	C	T	H9	H22	.	0	.	M	.	.	M	0	CpH>TpH	0	1
2	109658177	A	T	H9	H22	.	0	.	.	.	.	.	0	T>A	0	1
2	109658178	C	T	H9	H22	.	0	.	.	.	.	.	0	CpH>TpH	0	1
2	162295689	C	T	H9	H22	.	0	.	.	.	.	.	1	CpH>TpH	0	0
3	13322337	A	C	H9	H22	.	0	.	P	.	.	P	1	T>G	0	0
3	108624136	C	T	H9	H22	.	1	.	.	P	.	P	0	CpG>TpG	1	0
3	137293014	C	G	H9	H22	.	1	.	.	P	.	P	1	C>G	1	0
3	147039237	T	C	H9	H22	.	1	.	P	P	.	P	0	T>C	0	1
3	152158594	C	T	H9	H22	.	1	.	.	P	.	P	0	CpG>TpG	1	0
4	128888398	A	G	H9	H22	.	0	.	.	.	.	.	0	T>C	0	1
4	177049968	A	T	H9	H22	.	1	.	.	M	.	M	0	T>A	0	0
5	806599	G	A	H9	H22	.	1	.	P	.	.	P	0	CpH>TpH	0	1
5	12662224	C	T	H9	H22	.	1	.	P	P	.	P	0	CpG>TpG	1	1
5	20639239	G	A	H9	H22	.	0	.	M	.	.	M	1	CpH>TpH	0	1
5	23450961	G	A	H9	H22	.	0	.	.	.	.	.	1	CpG>TpG	1	1
5	42612842	T	A	H9	H22	.	0	.	.	.	.	.	0	T>A	0	0
5	55227526	G	A	H9	H22	.	0	.	.	.	.	.	1	CpG>TpG	1	1
5	91273991	T	G	H9	H22	.	0	.	.	.	.	.	1	T>G	0	0
5	110476250	G	A	H9	H22	.	0	.	.	.	.	.	1	CpH>TpH	0	1
5	110476254	G	A	H9	H22	.	0	.	.	.	.	.	1	CpH>TpH	0	1
5	113591615	G	A	H9	H22	.	0	.	.	.	.	.	1	CpH>TpH	0	1
5	161370770	T	C	H9	H22	.	1	.	P	P	.	P	0	T>C	0	1
5	166110361	T	G	H9	H22	.	0	.	P	.	.	P	0	T>G	0	1
5	167240783	A	T	H9	H22	.	1	.	.	P	.	P	1	T>A	0	0
5	169718008	G	T	H9	H22	.	0	.	M	.	.	M	0	C>A	0	1
5	171983769	A	G	H9	H22	.	1	.	P	P	.	P	1	T>C	0	1
6	80231476	T	C	H9	H22	.	0	.	.	.	.	.	1	T>C	0	1
6	84803197	T	C	H9	H22	.	1	.	.	M	.	M	0	T>C	0	0
6	105797266	C	A	H9	H22	.	0	.	.	.	.	.	1	C>A	0	0
6	161753707	G	T	H9	H22	.	0	.	M	.	.	M	0	C>A	0	1
7	64361392	T	A	H9	H22	.	0	.	P	.	.	P	0	T>A	0	1
7	99683231	G	A	H9	H22	.	0	.	.	.	.	.	0	CpH>TpH	0	0
7	101748325	C	T	H9	H22	.	0	.	M	.	.	M	0	CpG>TpG	1	0
7	108776548	C	T	H9	H22	.	1	.	P	P	.	P	1	CpH>TpH	0	1
7	113032067	A	T	H9	H22	.	0	.	.	.	.	.	1	T>A	0	0
7	132437794	T	C	H9	H22	.	0	.	.	.	.	.	1	T>C	0	0
7	144989987	C	A	H9	H22	.	1	.	.	P	.	P	1	C>A	0	0
7	154570837	T	C	H9	H22	.	0	.	.	.	.	.	0	T>C	0	1
8	2746035	C	G	H9	H22	.	0	.	M	.	.	M	0	C>G	0	0
8	6053914	C	A	H9	H22	.	0	.	.	.	.	.	0	C>A	0	1
8	12964662	A	G	H9	H22	.	0	.	P	.	.	P	1	T>C	0	0
8	51317068	G	A	H9	H22	.	0	.	.	.	.	.	0	CpG>TpG	1	1
8	83764007	T	C	H9	H22	.	0	.	.	.	.	.	0	T>C	0	1
8	119534424	C	T	H9	H22	.	0	.	P	.	.	P	0	CpH>TpH	0	1
9	123022948	G	C	H9	H22	.	0	.	M	.	.	M	0	C>G	0	0
9	123022951	A	C	H9	H22	.	0	.	M	.	.	M	0	T>G	0	0
9	129240658	G	A	H9	H22	.	1	.	.	M	.	M	1	CpH>TpH	0	0
9	133237413	T	C	H9	H22	.	0	.	.	.	.	.	1	T>C	0	0
10	42393708	C	T	H9	H22	.	1	.	.	M	.	M	0	CpG>TpG	1	1
10	79280049	A	G	H9	H22	.	0	.	.	.	.	.	1	T>C	0	1
10	94237671	A	G	H9	H22	.	0	.	P	.	.	P	1	T>C	0	0
10	100729900	G	A	H9	H22	.	0	.	P	.	.	P	1	CpH>TpH	0	1
10	105583097	G	A	H9	H22	.	1	.	.	P	.	P	0	CpH>TpH	0	0
10	110010056	T	A	H9	H22	.	1	.	.	P	.	P	1	T>A	0	1
10	118090677	A	G	H9	H22	.	1	.	.	P	.	P	1	T>C	0	1
10	130534034	G	A	H9	H22	.	1	.	P	P	.	P	1	CpH>TpH	0	0
11	90627240	T	A	H9	H22	.	0	.	.	.	.	.	0	T>A	0	1
11	129450477	T	A	H9	H22	.	0	.	.	.	.	.	0	T>A	0	0
12	26845479	A	G	H9	H22	.	0	.	.	.	.	.	1	T>C	0	0
12	57588382	T	A	H9	H22	.	1	.	.	P	.	P	0	T>A	0	0
12	60875037	T	C	H9	H22	.	1	.	P	P	.	P	1	T>C	0	0
12	97741009	C	T	H9	H22	.	0	.	M	.	.	M	1	CpH>TpH	0	1
12	102207181	A	G	H9	H22	.	1	.	P	P	.	P	0	T>C	0	0
12	113450435	G	A	H9	H22	.	0	.	P	.	.	P	1	CpH>TpH	0	1
12	113450440	G	A	H9	H22	.	0	.	P	.	.	P	1	CpH>TpH	0	0
13	21113681	C	T	H9	H22	.	0	.	.	.	.	.	0	CpH>TpH	0	0
13	61051957	T	C	H9	H22	.	0	.	.	.	.	.	0	T>C	0	1
13	89273955	C	G	H9	H22	.	0	.	.	.	.	.	1	C>G	0	0
14	49637644	A	G	H9	H22	.	1	.	.	P	.	P	1	T>C	0	1
14	87496110	C	T	H9	H22	.	1	.	.	P	.	P	0	CpH>TpH	0	1
14	95918214	G	A	H9	H22	.	0	.	.	.	.	.	0	CpH>TpH	0	0
15	59010112	G	A	H9	H22	.	0	.	P	.	.	P	0	CpG>TpG	1	0
15	62428864	G	C	H9	H22	.	1	.	.	M	.	M	0	C>G	0	0
16	16190361	C	A	H9	H22	.	1	.	.	M	.	M	1	C>A	0	0
16	72504071	A	G	H9	H22	.	1	.	M	M	.	M	1	T>C	0	0
16	76556554	T	C	H9	H22	.	0	.	.	.	.	.	0	T>C	0	1
16	88899863	T	C	H9	H22	.	0	.	P	.	.	P	1	T>C	0	1
17	7766288	G	A	H9	H22	.	0	.	P	.	.	P	1	CpG>TpG	1	0
17	35222758	A	G	H9	H22	.	1	.	P	P	.	P	0	T>C	0	1
17	61568681	G	A	H9	H22	.	1	.	.	P	.	P	0	CpG>TpG	1	0
17	72596416	C	T	H9	H22	.	0	.	P	.	.	P	0	CpH>TpH	0	1
18	62545333	G	T	H9	H22	.	1	.	.	M	.	M	0	C>A	0	1
19	14499056	C	A	H9	H22	.	0	.	.	.	.	.	1	C>A	0	1
20	50674212	G	A	H9	H22	.	1	.	.	P	.	P	0	CpH>TpH	0	1
20	58722515	C	A	H9	H22	.	1	.	.	P	.	P	1	C>A	0	1
20	61982385	C	A	H9	H22	.	1	.	.	P	.	P	1	C>A	0	0
20	61983147	G	C	H9	H22	.	1	.	P	P	.	P	1	C>G	0	0
21	39021471	G	A	H9	H22	.	0	.	.	.	.	.	0	CpH>TpH	0	0
21	40960141	C	T	H9	H22	.	1	.	P	P	.	P	0	CpG>TpG	1	1
