Chromosome	Position	Reference Allele	Alternate Allele	Observed in F2	Forward Primer Sequence	Reverse Primer Sequence	Sanger Result
1	10852758	A	C	0	CCCCCTACCTCCAAGAAAATG	TCAGTAATCAGGTTTCCAGCG	PCR failure
1	16849855	G	C	0	CCAAGAGTGAAACAGGAGAGG	TGATGGCAGGGAGAGAAAATG	Absent
1	48060421	C	T	0	TCTCCTACTGCCATGCTTTTC	CCAGCTCTCCAGTGAACTAAC	Present
1	75880175	G	C	0	CTCACCCTGCTTGCATTTAAC	ACTGGTCTCTTTGCATCATCC	Present
1	94992443	C	T	0	AGTCTTGGTTAGGTCACATGC	AGAACAAGCTACAGCAGAAGG	Sanger failure
1	166964694	T	C	0	TTAGAAACGTGGACAGCTAGC	GTAAGCCAGTGACAGTCTCAG	Sanger failure
1	224434148	T	G	0	ACCCCATTTATGCCAGATGAC	CTTAACCCCAAGAAGTCGAGG	Sanger failure
2	45699610	T	G	1	AAGGACAACGGAGAATGACTG	AAGTGAATGGGCTAACTTCCC	Sanger failure
2	104712928	G	A	1	AAGGGGTATAGCCACATTTGC	ACCTGAGAGGCAATGAGAAAC	Sanger failure
2	176654740	G	C	1	GCATTTTCCAAAGTGTGTCCC	CAAGGAAGTGAGGTGATCCAG	PCR failure
2	226812599	C	T	1	TGGTTGATAAGACGTCACTGG	TCCATTAGGAATTGGCCTGTG	Present
2	228337487	C	G	1	GAGGAGAAGCACCTGAAGATG	TCCTCCCAGTTACGTAGGTAC	PCR failure
2	228737407	A	C	0	CTTTATGAGGGGTGGGACTTG	GATACTCTCAGCCTGATGCAG	Sanger failure
3	25572967	C	T	0	ATAAGCACCAGTTAAGGGCTG	TGCCCCTCTGCTGTTAATAAC	Sanger failure
3	134117857	T	C	0	GGCAAAAAGAGTGACTCCAAG	TCTCTTGCCTAATTGTTCGGG	Sanger failure
3	152640146	G	C	0	CAAGCATCATAGCCTCTCTCC	GGACGATGGTTTTCAAGCAAG	Sanger failure
4	17452691	G	C	0	AGGACATTGGTCTTTTCAGGC	ACCACAGCACTGTAGAATGAC	Present
4	53661776	G	A	0	GGTGGTATGCATCTGTAGTCC	ATCCAAGATGCTGCTAGATGG	Sanger failure
4	53661780	G	A	0	GGTGGTATGCATCTGTAGTCC	ATCCAAGATGCTGCTAGATGG	Sanger failure
4	71154946	A	G	1	AGCTGTAAAGCCAAGGGTATG	CAAAATGCCCAGGTTTGACTC	PCR failure
4	84369482	T	C	1	CACACACCTGCAATCCTAGC	ACCTGCCCTGCTGTAATATTG	PCR failure
4	136159697	C	T	1	TTCTGTAACTGAAGGGAGCTG	TTTTGAGGTGGATAGGAAGCG	PCR failure
4	151875999	G	A	0	ACATGTGCTGTGTCCACTAAG	GATGGAGTCTCTCTCTGTTGC	PCR failure
4	151876000	G	A	0	ACATGTGCTGTGTCCACTAAG	GATGGAGTCTCTCTCTGTTGC	PCR failure
4	158760780	A	T	1	AAACAAGATGGTCAGAGTCCG	TGCCACTCAGACAAGAATCTG	Present
4	176882821	G	A	1	GGCCAGCATATAGGAGTTCAG	AGGGAGCTAGATGAAGGAGTC	Present
5	96551215	C	G	0	GCCTACCAACCAAAAATGAGG	ATACTTCTCTCTGACCCCTGG	Sanger failure
5	141704915	C	T	0	ATTCTATGAATGGGTGGGCAC	CAGTCACTGTCTACACCCAAG	Sanger failure
5	153894857	G	C	1	TTTTCACCTTCCTGGGTTCAG	TAGAGGCTGTGACTAAGAGGG	PCR failure
5	179617215	C	T	1	CAGTGGCTCCTGTCAGTAATC	GCAAGTCTTTGTGTGGACATG	Sanger failure
6	45523601	C	T	1	TATCCCAGAAATGCTTCAGCC	AGCTTAGAAAAGGGCTGGATG	Sanger failure
6	45523602	A	G	1	TATCCCAGAAATGCTTCAGCC	AGCTTAGAAAAGGGCTGGATG	Sanger failure
6	115096707	G	A	1	ATCCACTTGGCACAGAGTAAC	GCACAGAACTCCCTTTTGAAC	Present
7	168501	G	A	0	AGGGTGGTGGTAAACAATCAG	TTGGCAGAATCCTCCATCAAG	Absent
7	168511	T	A	0	AGGGTGGTGGTAAACAATCAG	TTGGCAGAATCCTCCATCAAG	Absent
7	168514	A	G	0	AGGGTGGTGGTAAACAATCAG	TTGGCAGAATCCTCCATCAAG	Absent
7	13170844	A	G	1	CTTAAGAGCTTGTGATGGCTG	CCAGCTTGGTTCACTTTTGTC	PCR failure
7	45730260	C	T	0	AAAGAGGAACTGGGAATGCTC	CCTGAGAGACAAGTGTCACTG	Sanger failure
7	48399794	A	C	0	CACTGATAGTGCTGACAGAGG	CAAAGGTCAGGGATGTCTCAG	PCR failure
7	48533982	T	A	1	AGATGAAATGAACCTGGGAGC	GCATCAATCATTGCTACTGCC	Present
7	54733085	C	T	1	GGATCACTAAGACTTGGCCAG	TTGACTTGAAGTGAGGTGGTG	PCR failure
7	136498849	G	C	1	TTTCGTTGCCATTGCTTTCG	TTTGTGCCGGTACAAGACAAG	Sanger failure
8	82613834	A	C	0	GTAACTACCGCCCCAATCAG	GGAAGGGATCTCTTTTGGGAC	Sanger failure
8	87817048	G	T	0	TGTTCCTAGTCTCGATGG	CTACGTGAAGAATGCAGAAG	Sanger failure
8	97533628	C	G	1	TGTCTTCATTCCCAGCTAAGC	TGTCCTAACATGCACTCCAAG	PCR failure
9	1951211	A	C	1	TTCGGTTCTGCTAAGGTTCAG	AATGTCTGAGATCTGTGCCAC	PCR failure
9	9291684	G	A	0	ATGTCCTTGAAGAAGATGCCC	ATTTTTCAGTAGGCCCTCGTC	Present
9	93536385	T	A	0	GCAAAGTCTCTCACTCTCCAG	TATGAACCACACCTGCTCAAG	Sanger failure
10	71472564	G	A	1	CCAGGGATTTATTCCTGTGGG	TCACTTTCACAAGTTCCTGGG	Sanger failure
10	102924365	C	T	0	AGGACATGAAAACCCTCACTG	CATGGCAGTAGAGTAGAAGGG	Present
10	123110885	C	T	0	TGAGACGTGCCTTTTACCTTC	CAAAGTGTGGCAACTGATGAC	PCR failure
11	40966924	A	G	1	GTCATGCTCTCCTAAGTGGTG	TGGCATCATTAACCGTCAGAG	PCR failure
11	55200591	C	T	1	GCAGAGACTGGAAAGCAAAAC	CAAGTGACATTGTGCCAGTTC	Present
11	118700757	A	T	0	AAGTTAATGATCGCTGGGTGC	GTTCTTTCAGTGCCCTAGGAG	PCR failure
12	2940123	A	C	0	GAAGAGCTGGAATCTCTGTCC	AAAGTTGCTGATCTGAGGACC	PCR failure
12	20972277	C	T	1	TTTGGACAGAAAGGCTACAGG	TAAAGCCTGTTATCACTCGCC	Sanger failure
12	27831603	C	T	0	GAGATCTGAGAGTGGCAACTG	AACTCATCCAATTTCCCCGAG	Present
12	31971985	A	C	1	ATGGATCTTGAGTGCTTCCAG	GCCAGGAAATTGTTTCACAGG	Present
12	32388625	C	T	1	CTGTGTCTTACTGTGCTTTGC	AGATGTGCAACTCCTCCTTTC	PCR failure
12	50093039	G	C	1	TCAAAGAAAAAGGTCCTCCCC	ACTCATTGGGTCTGTGTTCTG	Sanger failure
12	83948988	G	A	1	AGGGTGTAGTGTTAGTGACCC	CCAAAGGATCATAGCTCCTCG	Present
12	108617233	G	A	1	CTCCAGGAAGCCTTAGGTTTG	TTTGTGATCTCATCAGGGCTG	Present
13	60396792	G	A	0	TCCCATTGTGTGTTCTCTTCC	TTGACTGCCAGGTTCTGTATG	Present
13	76060719	C	A	1	GTGAACTGAAAAGCCCTTGTG	ATACTGACCTTGCAGGGTTTC	PCR failure
14	31244834	C	G	1	TACCATCCATCCACAGAGCTC	CAGGACAGGTAAATGGGTGAG	Sanger failure
14	31244972	C	T	1	TCTCACCAGCTGTTTTCCATC	CAGGACAGGTAAATGGGTGAG	Sanger failure
15	24491746	A	C	0	GAACCAGGGAGGAACTGAATC	AATTCCTACGCTTTGGGAGAC	PCR failure
15	33087793	T	G	1	ACTATGGCAGAAGGGAAACAC	ATTAAACTGGTGTCAGGGCAC	PCR failure
15	35086947	G	A	0	CAGGTGAGAGCCATTTCCTAG	AAGAAAGTTAAAGGGCTGGGG	Sanger failure
15	35086953	C	G	0	CAGGTGAGAGCCATTTCCTAG	AAGAAAGTTAAAGGGCTGGGG	Sanger failure
15	35086958	G	A	0	CAGGTGAGAGCCATTTCCTAG	AAGAAAGTTAAAGGGCTGGGG	Sanger failure
15	35086959	C	G	0	CAGGTGAGAGCCATTTCCTAG	AAGAAAGTTAAAGGGCTGGGG	Sanger failure
15	35086968	G	A	0	CAGGTGAGAGCCATTTCCTAG	AAGAAAGTTAAAGGGCTGGGG	Sanger failure
15	35086980	C	A	0	CAGGTGAGAGCCATTTCCTAG	AAGAAAGTTAAAGGGCTGGGG	Sanger failure
15	35086989	G	A	0	CAGGTGAGAGCCATTTCCTAG	AAGAAAGTTAAAGGGCTGGGG	Sanger failure
15	64647703	T	C	0	GTCATTTAGGGGCAACAAACC	AAATCCACAAGAGGGAGATGC	Sanger failure
15	70877578	G	A	0	TGGAATCACTTGTGGCTTAGG	AAGAAACCCCGAATACGTCTG	PCR failure
15	84755470	A	C	0	GAGAAAAACCCAACAATCGGC	GCCCAAGAACCATTTGAAAGG	Sanger failure
16	867850	C	T	0	CACGTTTTTAGCTGAGTGACG	AGTACATCCCTTTCTCAACGC	Sanger failure
16	3418328	T	C	0	AGAACATAGTGGAAATGGGCC	TTAGTATTCGGCGCATCAGAG	Absent
16	3418331	A	T	0	AGAACATAGTGGAAATGGGCC	TTAGTATTCGGCGCATCAGAG	Absent
16	3418340	G	T	0	AGAACATAGTGGAAATGGGCC	TTAGTATTCGGCGCATCAGAG	Absent
16	3418355	T	G	0	AGAACATAGTGGAAATGGGCC	TTAGTATTCGGCGCATCAGAG	Absent
16	30557418	G	C	0	ATCATGTGGTCTCAATGGTGG	CCATTCCCTCTGTCAGTCTTG	Present
16	61681852	A	G	0	ACCTCTGAGTTCATTGAAGCC	AAGACTCAAGAAGACGTCACG	Present
16	75227560	C	T	0	AGGAGGCAGTGGTTTTTATCC	CTCCTCTTCTTTCTTGCCCTC	PCR failure
17	19987305	A	G	0	GAGGGAGAGTTAGGTTGCTTG	GTCTCATTCCTCTGTGGTTCC	PCR failure
17	47793226	C	T	0	TTTCGGCTAATGGGAGGAAAG	ATCACACTGGATAAGCACACC	PCR failure
17	56257720	T	C	1	TTCACCAGGCTGATTTAACCC	AATGGGAAGCAAGATCCTGAC	PCR failure
18	33438224	C	A	1	TGACTCTAATTGTGGCCACTG	TGGAGACCATGGGCATTTAAG	Present
18	33438225	C	T	1	TGACTCTAATTGTGGCCACTG	TGGAGACCATGGGCATTTAAG	Present
18	39138964	G	A	0	TCACAGTGGGAGACATTGTTG	GTGGCTTTGTGACAATCAGTG	Present
18	69074581	A	G	1	TTGGTCATTCAGGACTGTCTG	CCTAAGCTCATGATCTGGACG	PCR failure
20	23542903	T	C	1	CCTTCTGGGACACCTGTATTG	AAGACTGAGCATACAAGCCTG	PCR failure
20	47406708	C	T	1	CAGGAAATACTGGACGGACAG	GTCCTTGACTTTACCCCTCAC	PCR failure
20	51633217	C	G	1	AAAGTGAACAGAGCCTTAGCC	CTAGGCACTGGGGTAATGAAC	Present
20	59527467	G	C	1	GAGAGAATAAGCCTCACCCAC	GATCTGCAAGCGTCTCAAATG	PCR failure
21	44477878	G	C	0	TGTAAAGTGGGTGCTTCTCAG	AGAGCGTTTGTCCTTATCCTG	PCR failure
21	44477884	C	T	0	TGTAAAGTGGGTGCTTCTCAG	AGAGCGTTTGTCCTTATCCTG	PCR failure
21	47042228	A	G	0	GCCACTTATCCTACCCAAAGG	TAAATGCCGTCAAGGAGGAAG	PCR failure
22	17864334	T	G	1	CCAGACTGGTCTTGACTTCC	GAAGCACATTTAAACCAGGCC	PCR failure
22	44869538	G	C	1	GTAGCAGAGTTCAAAGGGAGG	ATGTATTCCATCCCAACAGCC	PCR failure
22	49277088	G	A	0	CACCTTCTCCCTCACAATCAG	GTGTGTGGTGTGTACGTTTTC	Present
